case_key,model_version,mode,W,p_err,H_reference,label,epsilon,n,solver,q,log_q,H_bits,bits_per_copy,solver_status,solve_seconds,run_status,error,wall_seconds
0afc34e419fbd6a04c7d96e2e2ee0bb5a8a889c36a566559dd97275777e95737,combined-werner-v1,matched,0.84999999999999998,0.18862790316399208,0.69859229913067,matched W=0.85,0.001,1,scalar_root,0.69228342118243269,-0.36775983903191534,0.53056529600946767,0.53056529600946767,scalar_root,0.00092247099996711768,ok,,0.00094245200000386831
e0f37006e1cc119795ef30897902483de0143a6841ac3f530d2014407820bf88,combined-werner-v1,matched,0.84999999999999998,0.18862790316399208,0.69859229913067,matched W=0.85,0.001,2,scalar_root,0.48018872917659094,-0.73357606657291097,1.0583265533595707,0.52916327667978535,scalar_root,0.00059505900003387069,ok,,0.00061515900006270385
f48e52765f50152bb946423dae985324b55e708c74e82fb2a85f27dd9da0bec3,combined-werner-v1,matched,0.84999999999999998,0.18862790316399208,0.69859229913067,matched W=0.85,0.001,5,scalar_root,0.16017717736110512,-1.8314747179105799,2.6422594930431069,0.52845189860862141,scalar_root,0.00054067500002474844,ok,,0.00055908599995291297
493240e9c121ed60c31bf166eb815c3acb342a38526ac47758c1b8594e8ee829,combined-werner-v1,matched,0.84999999999999998,0.18862790316399208,0.69859229913067,matched W=0.85,0.001,10,scalar_root,0.025635897142953498,-3.6637616775594126,5.2856908032139938,0.52856908032139938,scalar_root,0.00062633400000322581,ok,,0.00064518499993937439
437c7cd12fbeb7f9aa67b9b2de829d8af289cda69aed4c6ffe62dc95b617a4a7,combined-werner-v1,matched,0.84999999999999998,0.18862790316399208,0.69859229913067,matched W=0.85,0.001,20,scalar_root,0.00064030875337855086,-7.3535600707871378,10.6089446470037,0.53044723235018498,scalar_root,0.0006463439999606635,ok,,0.00066562699998939934
60fca0291bb1b3a010e2c8cdc1f63e12b39e5cd665c76f9dd44a5bfcc69301f4,combined-werner-v1,matched,0.84999999999999998,0.18862790316399208,0.69859229913067,matched W=0.85,0.001,50,scalar_root,6.8123788198558585e-09,-18.804524465026322,27.129194191968665,0.54258388383937328,scalar_root,0.00069583300000886084,ok,,0.00071546100002706225
6873290753e1fc348eb2f455a432ecdaa39dbeafaf5930dca38ccaa9b0eaf132,combined-werner-v1,matched,0.84999999999999998,0.18862790316399208,0.69859229913067,matched W=0.85,0.001,100,scalar_root,1.4845612783893107e-17,-38.748827287721831,55.902740968259231,0.55902740968259235,scalar_root,0.00076637799998025002,ok,,0.00078665199998795288
df41a8b011712f0eba07fce2ed5fcf133e5dcae173dba926f72004f79bb2e3ba,combined-werner-v1,matched,0.84999999999999998,0.18862790316399208,0.69859229913067,matched W=0.85,0.001,1000,scalar_root,4.2097234156518573e-191,-438.35635581332139,632.41454067403674,0.6324145406740368,scalar_root,0.0040483059999587567,ok,,0.0040740009999353788
a1e768d151e749391b489d96250cda798d4d6a08a621edd2252cdfd6cf6a050d,combined-werner-v1,matched,0.84999999999999998,0.18862790316399208,0.69859229913067,matched W=0.85,0.001,10000,scalar_root,0,-4677.1488514522816,6747.6994534897176,0.67476994534897172,scalar_root,0.018583832999979677,ok,,0.018628948000014134
7a6ecc43258b7e47eaf524583acc925ed68683df17709d862a322811854dd544,combined-werner-v1,fixed,,0.10000000000000001,0.46899559358928122,fixed p_err=0.1,0.001,1,scalar_root,0.81820100000000007,-0.20064725129252339,0.28947279440772516,0.28947279440772516,scalar_root,0.00079222599993045151,ok,,0.00081570699990152207
6c80010e31c74ff53a8de47fe7731ce1d6a1c8f5c41967151a2100876e5588ee,combined-werner-v1,fixed,,0.10000000000000001,0.46899559358928122,fixed p_err=0.1,0.001,2,scalar_root,0.67078100000000007,-0.39931257382301577,0.57608627001907298,0.28804313500953649,scalar_root,0.00075491400002647424,ok,,0.00077431699992303038
2dfe64ead59032c1ed6ccff255ed312a2e503d12ed674d5e2c78e30390e8ddee,combined-werner-v1,fixed,,0.10000000000000001,0.46899559358928122,fixed p_err=0.1,0.001,5,scalar_root,0.36955986320000006,-0.99544254034959279,1.4361200164522694,0.28722400329045389,scalar_root,0.0014051880000351957,ok,,0.001427775000024667
4c265c698ff62fc51d5189ba4f784bb07025dd342d712121a01fd0e55fb27050,combined-werner-v1,fixed,,0.10000000000000001,0.46899559358928122,fixed p_err=0.1,0.001,10,scalar_root,0.13675167445576053,-1.9895885931059401,2.8703695966831893,0.28703695966831894,scalar_root,0.0018819880000364719,ok,,0.0019072689999575232
aa2e218ebd60ab484366dc630739cbe4ebe0a7a73433d4c2177071379a633a44,combined-werner-v1,fixed,,0.10000000000000001,0.46899559358928122,fixed p_err=0.1,0.001,20,scalar_root,0.018649808008950046,-3.9819194273715715,5.7446954110883874,0.28723477055441937,scalar_root,0.00080330799994499102,ok,,0.00082174999988637865
701ff901363173d1ef59da8c30156c970bb142ddffa66f22e54dc45f1eae97ee,combined-werner-v1,fixed,,0.10000000000000001,0.46899559358928122,fixed p_err=0.1,0.001,50,scalar_root,3.9748504483124159e-05,-10.132938340637757,14.618739893671735,0.29237479787343473,scalar_root,0.00071265899998707027,ok,,0.00073115999998663028
375d1e80928b58f62e24d19b5c95df2b835d7907f845533608f87ba4e5de9746,combined-werner-v1,fixed,,0.10000000000000001,0.46899559358928122,fixed p_err=0.1,0.001,100,scalar_root,4.7447345356345301e-10,-21.468815445569103,30.972953577082926,0.30972953577082923,scalar_root,0.0014075880000063989,ok,,0.0014340220000121917
24b3aac3d07cfd944404748c2ceeffa2103bd4849cfd1c3eb98ce4f4cd0210b5,combined-werner-v1,fixed,,0.10000000000000001,0.46899559358928122,fixed p_err=0.1,0.001,1000,scalar_root,8.2757575217580766e-119,-271.89429560580328,392.26055191649027,0.39226055191649029,scalar_root,0.0031390369999826362,ok,,0.0031650939999963157
0e8e9d583ec8026bbe148c0c1329719dbe134cd46203b8c4e6ac535b89e8da77,combined-werner-v1,fixed,,0.10000000000000001,0.46899559358928122,fixed p_err=0.1,0.001,10000,scalar_root,0,-3059.7710471919067,4414.3165160393946,0.44143165160393949,scalar_root,0.019623282999987168,ok,,0.019654811999998856
