case_key,model_version,W,epsilon,n,solver,tol,q,H_bits,bits_per_copy,solver_status,solve_seconds,psd_violation,norm_violation,run_status,error,wall_seconds
cc62add11f4ebb6499c458cf380f8f5f35f4a849c07d516512cee728e8e114ca,combined-werner-v1,0.84999999999999998,0.001,1,MOSEK,1.0000000000000001e-05,0.60391245467202681,0.72758866845723524,0.72758866845723524,optimal,0.010448060000044279,0,0,ok,,0.49384411100004399
6537d589ee460bda725fa53b42365bb5c1233892b492c1f90e0a9a126ca3a78a,combined-werner-v1,0.84999999999999998,0.001,2,MOSEK,1.0000000000000001e-05,0.37635980158160631,1.4098155506569556,0.70490777532847781,optimal,0.0056911430000354812,0,0,ok,,0.14753899599998022
4cabe7e48638d83d87553d4bf522aaaefbb5221f67f806127b10d620d07a6730,combined-werner-v1,0.84999999999999998,0.001,3,MOSEK,1.0000000000000001e-05,0.23808423821272101,2.0704559812301082,0.69015199374336944,optimal,0.022967737000044508,0,0,ok,,0.46734107899999344
945bcfddb7e2b87f3f7923533dd28e2d0080b19ebfe130a3a24669dab3730751,combined-werner-v1,0.84999999999999998,0.001,4,MOSEK,1.0000000000000001e-05,0.15203449933405822,2.7175293608852504,0.67938234022131261,optimal,0.18425143299998581,0,0,ok,,2.1305658880000919
e807fe03244b0f03da51e950a6e4bf4b7aae0f40502808893a98ad4c65c90ae1,combined-werner-v1,0.84999999999999998,0.001,5,MOSEK,1.0000000000000001e-05,0.09769129033359876,3.3556262453153729,0.67112524906307458,optimal,2.075994901999934,0,0,ok,,16.226480240000001
0e51bc60ea6a025ea2dd0f06781cf5cfba2fb1ccb81a6eb6bafb825510e153b9,combined-werner-v1,0.80000000000000004,0.10000000000000001,1,MOSEK,1.0000000000000001e-05,0.48999999900464269,1.0291463485901227,1.0291463485901227,optimal,0.0058665040000960289,0,0,ok,,0.11271275500007505
6105c41b9d3936c2081d604831e3d766baf75e0b570daf70d06336dc5f70d223,combined-werner-v1,0.80000000000000004,0.10000000000000001,2,MOSEK,1.0000000000000001e-05,0.31440996947717897,1.6692811308301132,0.8346405654150566,optimal,0.0061642299999675743,0,0,ok,,0.13528575500004081
d8b261c16a4948421f2164e9fe3622238dd761d59788cd161a3417a119bcc821,combined-werner-v1,0.80000000000000004,0.10000000000000001,3,MOSEK,1.0000000000000001e-05,0.20229898729248877,2.30543899709577,0.76847966569859005,optimal,0.015511247000176809,0,0,ok,,0.34111728399989261
3885703e572064c14be518e1d47b9e1330e03002d195e4e5c3fe2685ac330119,combined-werner-v1,0.80000000000000004,0.10000000000000001,4,MOSEK,1.0000000000000001e-05,0.13092744372680157,2.9331605623197969,0.73329014057994923,optimal,0.119894191999947,0,0,ok,,1.3477841060000628
4235125851c80d8a2b1840f60411742e5a53f8011ae170af11aae8045c4bef37,combined-werner-v1,0.80000000000000004,0.10000000000000001,5,MOSEK,1.0000000000000001e-05,0.085804825230058598,3.5427974098851269,0.70855948197702534,optimal,0.9556960979998621,0,0,ok,,5.882855334000169
a9e8c1e09152724becc09111ef19ace9354fb358457131b4b3069d4f475c11d7,combined-werner-v1,0.80000000000000004,0.10000000000000001,6,MOSEK,1.0000000000000001e-05,0.056162168010744098,4.1542575611483121,0.69237626019138532,optimal,28.453379680999888,0,0,ok,,46.271461111000008
40fd6ecf0099e519dc117313faad39e7b74bccc660effff5aebdbb0c9e551032,combined-werner-v1,0.80000000000000004,0.10000000000000001,7,MOSEK,1.0000000000000001e-05,0.036971795467866699,4.757431082692916,0.67963301181327374,optimal,1145.4648366040001,0,0,ok,,1234.535079665
da12b17e84046a392a0190c672a786bb38efebaee23668b562bdee4a4f669671,combined-werner-v1,0.80000000000000004,0.01,1,MOSEK,1.0000000000000001e-05,0.62409997960122099,0.68015093034989471,0.68015093034989471,optimal,0.0022910109998974804,0,0,ok,,0.076381809999929828
ecd10f32ad16452339c440c56230b89cc125951b17e4aeb1ac9ae222b249babc,combined-werner-v1,0.80000000000000004,0.01,2,MOSEK,1.0000000000000001e-05,0.40939240823620088,1.2884437455830402,0.6442218727915201,optimal,0.0076933559998906276,0,0,ok,,0.1188757390000319
4f160f89f33b71149e11052c981baee0f34ce3c8c1cccdf07e4c81ab0130f9a7,combined-werner-v1,0.80000000000000004,0.01,3,MOSEK,1.0000000000000001e-05,0.27321619117048068,1.8718851126165919,0.62396170420553065,optimal,0.012283106000040789,0,0,ok,,0.29268119299990758
42e553d1a70e7b83e72c569751cf0a75720d7c8fdea0d3981faedbe7e6971ef8,combined-werner-v1,0.80000000000000004,0.01,4,MOSEK,1.0000000000000001e-05,0.18368611286089567,2.4446855357437283,0.61117138393593207,optimal,0.12918818699995427,0,0,ok,,1.2521157820001463
e9aa41ece068a15e774eee64b1d485acbd0a7f090e78addc4607f784486952b5,combined-werner-v1,0.80000000000000004,0.01,5,MOSEK,1.0000000000000001e-05,0.12414386533255982,3.0099151235294022,0.60198302470588039,optimal,0.80265345800012255,0,0,ok,,5.6335069039998871
d2007af65f4d3aae25a85221c588fe1b8e518b69f37e0f35384635a9fc42d0ef,combined-werner-v1,0.80000000000000004,0.01,6,MOSEK,1.0000000000000001e-05,0.084234134021647075,3.5694512177100486,0.59490853628500806,optimal,28.999681483000131,0,0,ok,,45.524974787000019
ad11ceb7b4e16b15f8cfb4ef75a3b8d8ccd5c4fd31311f25af8737a5bec818fa,combined-werner-v1,0.80000000000000004,0.001,1,MOSEK,1.0000000000000001e-05,0.63840099452146204,0.64746519584893358,0.64746519584893358,optimal,0.041403255999739486,0,0,ok,,0.2315977399998701
e18cc6abe4bfd0a86658eb844d10618f6ccb221d05056759f0a44c5ee0bc5a92,combined-werner-v1,0.80000000000000004,0.001,2,MOSEK,1.0000000000000001e-05,0.42099049158219132,1.2481404456862646,0.62407022284313229,optimal,0.01075132100004339,0,0,ok,,0.11946693600020808
103342d2a5c06f8edee151a37a75ce3ab58bfe4796798794faed05464c91e44e,combined-werner-v1,0.80000000000000004,0.001,3,MOSEK,1.0000000000000001e-05,0.28175477915749542,1.8274880131204172,0.6091626710401391,optimal,0.014293386000190367,0,0,ok,,0.32975433499996143
2b9665334943671eb54d8de277db143e7bb4c4802d267a8903253b5f14e65c0e,combined-werner-v1,0.80000000000000004,0.001,4,MOSEK,1.0000000000000001e-05,0.19031950532700054,2.3935046678183745,0.59837616695459361,optimal,0.061163430999840784,0,0,ok,,0.92374229899996863
527d72235f8a2b03f4e9394201bf5a1c2c1abf6b6d707d188fe31afa9d8934db,combined-werner-v1,0.80000000000000004,0.001,5,MOSEK,1.0000000000000001e-05,0.12932667976628046,2.9509081647047166,0.59018163294094328,optimal,0.80043706100013878,0,0,ok,,4.3738141899998482
d20f3ce5174d8b1721af9193c3e76bad0d6a8bae42a42adbcd9467d68b7f9300,combined-werner-v1,0.80000000000000004,0.001,6,MOSEK,1.0000000000000001e-05,0.088265629442053434,3.502004426721673,0.5836674044536122,optimal,28.466702893999809,0,0,ok,,46.397941124999761
2c487b60d3a3d7e89b09b50b484ff0036ac59cc241dd6ddab061acf7d815541f,combined-werner-v1,0.80000000000000004,0.0001,1,MOSEK,1.0000000000000001e-05,0.63983999008338244,0.64421693098642097,0.64421693098642097,optimal,0.0014188519999152049,0,0,ok,,0.10008775300002526
51a9f93e69d64a58fc1eec5c1149d10201eaa9b6c0335d892a35ab314258edf2,combined-werner-v1,0.80000000000000004,0.0001,2,MOSEK,1.0000000000000001e-05,0.42215920924795047,1.2441409085725008,0.62207045428625041,optimal,0.006869866000215552,0,0,ok,,0.16728650699997161
774e7efc322f368c8c398f715fa4be5c741be56f02e62bdd6702a98b2fbf3f38,combined-werner-v1,0.80000000000000004,0.0001,3,MOSEK,1.0000000000000001e-05,0.28271104028917099,1.8225998712179865,0.60753329040599546,optimal,0.020549839000068459,0,0,ok,,0.44126324700027908
1d23b371d79092ee80a21d3b736fd6cda41c673abd3b991560d13458b1f39fdd,combined-werner-v1,0.80000000000000004,0.0001,4,MOSEK,1.0000000000000001e-05,0.1910332796461503,2.3881041048036411,0.59702602620091028,optimal,0.065611620999789011,0,0,ok,,1.3273695980001321
f9310a4fd9366ad24c0dfe106d87393877c0cb7d5694a5bd45f818de02323266,combined-werner-v1,0.80000000000000004,0.0001,5,MOSEK,1.0000000000000001e-05,0.12988570692154414,2.944685414586131,0.58893708291722624,optimal,0.80523551699980089,0,0,ok,,4.2525191730001097
18fbabe5d38efd1561c25e1d4af3e5ad1bd97365566718c40a71ce5aafa99b52,combined-werner-v1,0.80000000000000004,0.0001,6,MOSEK,1.0000000000000001e-05,0.088711448298189485,3.494735892043765,0.5824559820072942,optimal,27.358027827000114,0,0,ok,,45.479488085999947
2c10b438946b57bd79a5edc3de36343b6fdfba020c0d50304e8182d735767f2f,combined-werner-v1,0.80000000000000004,1.0000000000000001e-05,1,MOSEK,1.0000000000000001e-05,0.63998398242842258,0.64389229721263064,0.64389229721263064,optimal,0.0017389849999744911,0,0,ok,,0.074845509000169841
5ae4c7f0556f8073a6ccf27cffd202ecfaee3a6e3b7999f0e7300cc28c878b1b,combined-werner-v1,0.80000000000000004,1.0000000000000001e-05,2,MOSEK,1.0000000000000001e-05,0.42227616921660061,1.2437412626738653,0.62187063133693266,optimal,0.0041636519999883603,0,0,ok,,0.10554056399996625
38c21bcf36026dca96800d2d5eb79e18f4dcced24805219ca3402d8becc7a9f8,combined-werner-v1,0.80000000000000004,1.0000000000000001e-05,3,MOSEK,1.0000000000000001e-05,0.28280675519988863,1.8221115137181818,0.60737050457272723,optimal,0.012722138999833987,0,0,ok,,0.32150806199979343
1cf184aa8bb962981fc346f82c949c24f02f5b14803fd58b3a85b3b2d0a99caa,combined-werner-v1,0.80000000000000004,1.0000000000000001e-05,4,MOSEK,1.0000000000000001e-05,0.19111196002231198,2.3875100281106736,0.5968775070276684,optimal,0.060021183000117162,0,0,ok,,0.92744292399993356
fe36c445cf4bd20ab15123621da1f220c38db0298ebefff57f567ea441cf36d1,combined-werner-v1,0.80000000000000004,1.0000000000000001e-05,5,MOSEK,1.0000000000000001e-05,0.12994493800932402,2.9440276600082638,0.58880553200165275,optimal,1.1941364659996907,0,0,ok,,5.2111719360000279
508e72bb7fb4c893eb828a325031ceb7e3f1ba2bf54cae915c71c41262373891,combined-werner-v1,0.80000000000000004,1.0000000000000001e-05,6,MOSEK,1.0000000000000001e-05,0.088758040824569923,3.4939783668079829,0.58232972780133052,optimal,31.398627230000329,0,0,ok,,48.600450175000333
f8670f2e4dae50d023f2749794962396a82d3e8d9431458c05efa6f1a846d31b,combined-werner-v1,0.84999999999999998,0.10000000000000001,1,MOSEK,1.0000000000000001e-05,0.46275341727775637,1.1116844509363668,1.1116844509363668,optimal,0.0015971449997778109,0,0,ok,,0.070706395999877714
16f9062433e2cf21640b0ca10e06988dfb78b633b4af738cfc9d2d066eb900b9,combined-werner-v1,0.84999999999999998,0.10000000000000001,2,MOSEK,1.0000000000000001e-05,0.28002477273883081,1.836373632265178,0.91818681613258901,optimal,0.0041321749999951862,0,0,ok,,0.10686315900011323
a65cc4cbf2224ef9cfd31160b3a41b850d6e9adb467085039210e8a680065de2,combined-werner-v1,0.84999999999999998,0.10000000000000001,3,MOSEK,1.0000000000000001e-05,0.17013400176106305,2.5552565983896911,0.85175219946323033,optimal,0.012602849999893806,0,0,ok,,0.30393102899961377
b7cb8dc4450cf7cb11eeae8c3e2397da69e60ffea061444f8c36079f727888f0,combined-werner-v1,0.84999999999999998,0.10000000000000001,4,MOSEK,1.0000000000000001e-05,0.10429236240476585,3.261294585392323,0.81532364634808074,optimal,0.059400366999852849,0,0,ok,,0.9151211409998723
da200821ccf19b57ddb4db597814e420a735406a0ebc2e509136ec8438567e77,combined-werner-v1,0.84999999999999998,0.10000000000000001,5,MOSEK,1.0000000000000001e-05,0.064103513484885202,3.9634527572941112,0.79269055145882228,optimal,0.74117889599983755,0,0,ok,,4.0914083829998162
62c397ad29052ce48301700b3cdf56a7eb389ddc7a75cbde0cf0f4c837fae768,combined-werner-v1,0.84999999999999998,0.10000000000000001,6,MOSEK,1.0000000000000001e-05,0.039802632230721204,4.6509923474320143,0.77516539123866901,optimal,24.281469818000005,0,0,ok,,41.007791041000019
9321b0bf149084524dc14fbb95527ab91b058249ed0aa2f7595c97d013931384,combined-werner-v1,0.84999999999999998,0.01,1,MOSEK,1.0000000000000001e-05,0.59000533114912301,0.76120010450160569,0.76120010450160569,optimal,0.0015892999999778112,0,0,ok,,0.095509429999765416
a0201faa4dc573baa96ad89fd568a10073bf1c5e1a00860d4ee23de4bd90c32c,combined-werner-v1,0.84999999999999998,0.01,2,MOSEK,1.0000000000000001e-05,0.36585407565657457,1.4506597641535337,0.72532988207676685,optimal,0.0042022580000775633,0,0,ok,,0.11284516700015956
2dc7f34820e7ad9c06af07d99540c06b52c18047b0ad903237d1bb1ba8a5d02c,combined-werner-v1,0.84999999999999998,0.01,3,MOSEK,1.0000000000000001e-05,0.23064785127918297,2.116236242602183,0.70541208086739438,optimal,0.012186245000066265,0,0,ok,,0.30024937100006355
e4863cd9093ddb5997f8f6c87485ca6e0b210758d9e6ce4401f6edd116eb68f8,combined-werner-v1,0.84999999999999998,0.01,4,MOSEK,1.0000000000000001e-05,0.14641424914012313,2.7718721303129401,0.69296803257823503,optimal,0.059147452999695815,0,0,ok,,1.0378188930003489
985a9284a870038f4d6b73a2686cf486c44081539c847e2f3f75e8857adcd010,combined-werner-v1,0.84999999999999998,0.01,5,MOSEK,1.0000000000000001e-05,0.093519926663615249,3.4185823912362086,0.68371647824724169,optimal,1.1181865619996643,0,0,ok,,4.9383539180003027
401fe051d2e9f06511801a19ebd7ae1f16c2e2d93159c394f1adda55c34fe162,combined-werner-v1,0.84999999999999998,0.01,6,MOSEK,1.0000000000000001e-05,0.059983662307757674,4.0592865810068544,0.67654776350114243,optimal,23.70637589099988,0,0,ok,,41.177532859000166
470d144770e55f4cb1c793a9c62f259969dfa31d92e79bb69f1cb77e31d4c4c8,combined-werner-v1,0.84999999999999998,0.001,6,MOSEK,1.0000000000000001e-05,0.063072390110856427,3.9868475849984484,0.66447459749974136,optimal,23.906554873999994,0,0,ok,,41.768572239999685
b34cd8e1d21e05a0d1d740f8ad9ef40b039bf54553f4f9e4cc49c245dd7b727e,combined-werner-v1,0.84999999999999998,0.0001,1,MOSEK,1.0000000000000001e-05,0.60531208032802319,0.72424895141331236,0.72424895141331236,optimal,0.00098640800024440978,0,0,ok,,0.073041603999627114
002f98deb3883ca839a8468496d57d3a5282224d17009b16e8ec9de8b2182886,combined-werner-v1,0.84999999999999998,0.0001,2,MOSEK,1.0000000000000001e-05,0.37746487202481838,1.4055857055852301,0.70279285279261505,optimal,0.0045970490000399877,0,0,ok,,0.10391524499982552
2e909e02d8e48f228a18efe25c3ad6c0f4f9e837ca115a12c785f1e97db687b2,combined-werner-v1,0.84999999999999998,0.0001,3,MOSEK,1.0000000000000001e-05,0.23891427918818675,2.065435012971069,0.68847833765702304,optimal,0.01319622699975298,0,0,ok,,0.29138472500017087
0abda78495853c0b99c7cf001ab85bc6437d985716f71194506cb5aa960c6fc3,combined-werner-v1,0.84999999999999998,0.0001,4,MOSEK,1.0000000000000001e-05,0.15263745291206446,2.7118190927355004,0.67795477318387509,optimal,0.057641471999886562,0,0,ok,,0.93009139199966739
bb0fa66ab0951dc4ac09d3e7fc3774ccf2466b022fc3887485ae07e3f73d9225,combined-werner-v1,0.84999999999999998,0.0001,5,MOSEK,1.0000000000000001e-05,0.09815395865695821,3.3488097354343482,0.66976194708686965,optimal,0.74643483599993488,0,0,ok,,5.8045005330000095
781c5a52421027b6f55c210bb9348e849de3ed45caf0ed139325fe2c73631926,combined-werner-v1,0.84999999999999998,0.0001,6,MOSEK,1.0000000000000001e-05,0.06342333048130594,3.9788425516469874,0.6631404252744979,optimal,25.316606003999823,0,0,ok,,42.258423602999756
6d7facc4281834f6cccdcfb7911862b8378946911467e02f427005e5eb7f9ea9,combined-werner-v1,0.84999999999999998,1.0000000000000001e-05,1,MOSEK,1.0000000000000001e-05,0.60545213170941614,0.72391519289567929,0.72391519289567929,optimal,0.0012273439997443347,0,0,ok,,0.089206401999945228
8d2b483f8ba0be1ae254d2923b95c2f4de411d1af99f98ba3c4147c22a77ae8d,combined-werner-v1,0.84999999999999998,1.0000000000000001e-05,2,MOSEK,1.0000000000000001e-05,0.37757546807515929,1.4051630622745728,0.70258153113728639,optimal,0.0039759730002515425,0,0,ok,,0.15213081700039766
98fbe4d8051189c7f13acb5a40cae9121df94964cd809303364af695e089ee0e,combined-werner-v1,0.84999999999999998,1.0000000000000001e-05,3,MOSEK,1.0000000000000001e-05,0.23900226908381789,2.0649037796920848,0.68830125989736157,optimal,0.012477381999815407,0,0,ok,,0.2702439710001272
7652774c615eaed52e56e27e521df8aa0dca8573cee9aafde002c6b5d53a1676,combined-werner-v1,0.84999999999999998,1.0000000000000001e-05,4,MOSEK,1.0000000000000001e-05,0.15270310999250933,2.711198650139103,0.67779966253477575,optimal,0.059325664999960281,0,0,ok,,0.92876857400005974
a3ae35223e1e2024bb6b7b30f9b4d4aff0024127777d348bd3c401494a9d9399,combined-werner-v1,0.84999999999999998,1.0000000000000001e-05,5,MOSEK,1.0000000000000001e-05,0.098202475458861738,3.3480967977478846,0.66961935954957696,optimal,0.76061318599977312,0,0,ok,,4.1102789359997587
fe59d094ee30629f901f001b71562ec6e0d5d7807c44a9eeb71057a2ee561a7c,combined-werner-v1,0.84999999999999998,1.0000000000000001e-05,6,MOSEK,1.0000000000000001e-05,0.063460734903890981,3.9779919613641161,0.66299866022735265,optimal,25.260288116000083,0,0,ok,,41.988922050999918
61083bc02ef815429b2459064b1bbffaed907ad029cbdff340c1862f84e91909,combined-werner-v1,0.90000000000000002,0.10000000000000001,1,MOSEK,1.0000000000000001e-05,0.43729309072218125,1.1933275410248216,1.1933275410248216,optimal,0.0013840460001119936,0,0,ok,,0.070629287999963708
93063e6c3ec134448ac26c5b34c756765ff542e226d7e33d14ca8516bfeee7aa,combined-werner-v1,0.90000000000000002,0.10000000000000001,2,MOSEK,1.0000000000000001e-05,0.24746415337153252,2.0147085373662517,1.0073542686831258,optimal,0.004011798000192357,0,0,ok,,0.11779432000002998
865b376ef4aa6d5c0f296b243747e63adc01bbeb167985cc9e96bdeff25a80aa,combined-werner-v1,0.90000000000000002,0.10000000000000001,3,MOSEK,1.0000000000000001e-05,0.14000105084202252,2.8364904388679424,0.94549681295598076,optimal,0.011809197000275162,0,0,ok,,0.30764966900005675
6ed3da364ba45932a312b34224a1ce0d5a5015b1e6bebbefbde61a51024ab3f3,combined-werner-v1,0.90000000000000002,0.10000000000000001,4,MOSEK,1.0000000000000001e-05,0.080718365824734045,3.6309592229669438,0.90773980574173596,optimal,0.054165005999948335,0,0,ok,,0.91384496099999524
57ee133b3e3ffb6364807a55706733fc9490f4ac362d4eb1c951ed245a0a4de6,combined-werner-v1,0.90000000000000002,0.10000000000000001,5,MOSEK,1.0000000000000001e-05,0.046797502528761671,4.4174246511094797,0.88348493022189589,optimal,0.72467241100002866,0,0,ok,,4.2214642220001224
4b193de4ffd19a1fa11135e18c9f7818fc0f02521f69f208edfa8cb2dd00aa58,combined-werner-v1,0.90000000000000002,0.10000000000000001,6,MOSEK,1.0000000000000001e-05,0.027220976214726574,5.1991373832233947,0.86652289720389908,optimal,19.3818778750001,0,0,ok,,36.976018274000126
8b58907f4e4b3fdf60c9073578e7b22bcb4bab1bc68939278e2c90cf20f881b3,combined-werner-v1,0.90000000000000002,0.01,1,MOSEK,1.0000000000000001e-05,0.55552693071517434,0.84807124291752189,0.84807124291752189,optimal,0.0013533599999391299,0,0,ok,,0.071732981999957701
bdb864c0f8fabc87c23c4dcf5a2dab6cb847deac2d33c8521f9eeebc8d72ceac,combined-werner-v1,0.90000000000000002,0.01,2,MOSEK,1.0000000000000001e-05,0.32350714339045067,1.6281305260383692,0.81406526301918458,optimal,0.0043562939999901573,0,0,ok,,0.10632999200015547
caeca0fcf5e4c1da437aaf0d6298e7c94dcfd6d549d667d27ff81c292249f583,combined-werner-v1,0.90000000000000002,0.01,3,MOSEK,1.0000000000000001e-05,0.19083757470469659,2.3895828380979713,0.79652761269932382,optimal,0.011885575999713183,0,0,ok,,0.29494461000012961
f7e7c4bd59840c9b7b925fd597f9ec717dc4e00820adcfc4e1398eb0ff58fe15,combined-werner-v1,0.90000000000000002,0.01,4,MOSEK,1.0000000000000001e-05,0.11343192645867942,3.140101337667395,0.78502533441684874,optimal,0.060416466999868135,0,0,ok,,0.91095047699991483
d57bbfcff98e165a54906f67418db05c535deff9196aeae06d0b7f8df1c5f8dd,combined-werner-v1,0.90000000000000002,0.01,5,MOSEK,1.0000000000000001e-05,0.06780374030913712,3.8824913297375083,0.77649826594750171,optimal,0.76742099800003416,0,0,ok,,4.1306171220003307
d89be7b937fd5f4c03fa72eabbc850b3230d4f117ae75c2ec99b41d878e343d5,combined-werner-v1,0.90000000000000002,0.01,6,MOSEK,1.0000000000000001e-05,0.040742811727091238,4.617310643325709,0.7695517738876182,optimal,24.287924043000203,0,0,ok,,41.918517216000055
2f81e598f9eefb20aebfb80c25ee1c6755ee66ddc023bc5702a839fcfb143d8f,combined-werner-v1,0.90000000000000002,0.001,1,MOSEK,1.0000000000000001e-05,0.56902399672469539,0.81343860013105229,0.81343860013105229,optimal,0.0014184860001478228,0,0,ok,,0.069505242000104772
fed5a974ec17682d7c203740f52ffe20799e9b785f11a0f299df33f21d9e26b2,combined-werner-v1,0.90000000000000002,0.001,2,MOSEK,1.0000000000000001e-05,0.33269545723110372,1.5877259277194922,0.79386296385974608,optimal,0.0039528520001113066,0,0,ok,,0.12581957999964288
dc4ed88d4967549d2556fd5b354d7406841323517b3481ad7ffcfa18331f9708,combined-werner-v1,0.90000000000000002,0.001,3,MOSEK,1.0000000000000001e-05,0.1972323284340928,2.3420320510369557,0.78067735034565189,optimal,0.011847330000364309,0,0,ok,,0.28866531199992096
a4321542ab86e5b6645eb21add7fd0c323a7c446e0d2f7b605c5bd00d72a3519,combined-werner-v1,0.90000000000000002,0.001,4,MOSEK,1.0000000000000001e-05,0.11793962913746883,3.0838795321790458,0.77096988304476144,optimal,0.059645212999839714,0,0,ok,,0.96023946300010721
af15c00ce9de8a086e3f84879d2d29cbe0211bc1e7320a73db1fe226bd094f49,combined-werner-v1,0.90000000000000002,0.001,5,MOSEK,1.0000000000000001e-05,0.070971938407501892,3.8166074795634461,0.76332149591268927,optimal,1.1109497699999338,0,0,ok,,5.8424975110001469
ca7139c60d596296a124bf44e94eb2825ee5d16bd29f827ceef57c0e3ea61d50,combined-werner-v1,0.90000000000000002,0.001,6,MOSEK,1.0000000000000001e-05,0.042911739823165575,4.5424837945525924,0.75708063242543211,optimal,23.893228005999845,0,0,ok,,40.822809332999896
001862bd611e7faf947ac60d434444c81033d800376b02e014dc0b8539f22e1d,combined-werner-v1,0.90000000000000002,0.0001,1,MOSEK,1.0000000000000001e-05,0.5703826084125776,0.80999810177920417,0.80999810177920417,optimal,0.0014121419999355567,0,0,ok,,0.086768285000289325
a4742a90a8a3dcceebfb1905c021b5777f7aea307f98329995ae4c894f81060d,combined-werner-v1,0.90000000000000002,0.0001,2,MOSEK,1.0000000000000001e-05,0.33373450325086579,1.5832272471573918,0.79161362357869591,optimal,0.0063168309998218319,0,0,ok,,0.16000894299986612
eb887fb3e5770656bdbf20e827de21814abb675ffdaf15aba0be11709a3ee435,combined-werner-v1,0.90000000000000002,0.0001,3,MOSEK,1.0000000000000001e-05,0.19792214482865611,2.336995055280473,0.77899835176015764,optimal,0.020091632999992726,0,0,ok,,0.43973845299979075
f224b870891120700ebc4f2ae2d20772bbe52e3dfa2720b4b3116e194e6f4d46,combined-werner-v1,0.90000000000000002,0.0001,4,MOSEK,1.0000000000000001e-05,0.11843828600504473,3.0777925772558343,0.76944814431395858,optimal,0.093392642999788222,0,0,ok,,1.4459535460000552
fb0a7ba1def0ce04babfeca826e6e3c2659d876e6d1792730ad62c703d9869e2,combined-werner-v1,0.90000000000000002,0.0001,5,MOSEK,1.0000000000000001e-05,0.071331673589315178,3.8093133671922117,0.76186267343844238,optimal,0.74616100100001859,0,0,ok,,4.4015438989999893
ac2bbd1c443adb4ad0e82dea38d60a1c62530eebaa2031edc4c107ace6a4e293,combined-werner-v1,0.90000000000000002,0.0001,6,MOSEK,1.0000000000000001e-05,0.043173616566776367,4.5337062402597414,0.75561770670995687,optimal,26.994303997000316,0,0,ok,,43.847056737999992
1f39571f06e3534d13cfe42c810cb13d0ad1d5eff7f421831b6640c7d4c36689,combined-werner-v1,0.90000000000000002,1.0000000000000001e-05,1,MOSEK,1.0000000000000001e-05,0.57051856307622073,0.80965426635357107,0.80965426635357107,optimal,0.0017274519996135496,0,0,ok,,0.11805654599993431
fb3c1a956c175fa094bdfad8ecb59938f2d8677badee1a465bb17cd51a9cea7c,combined-werner-v1,0.90000000000000002,1.0000000000000001e-05,2,MOSEK,1.0000000000000001e-05,0.33383849644695857,1.5827777668172021,0.79138888340860103,optimal,0.003970642000240332,0,0,ok,,0.11743809200015676
f713b49d3e6a0983f0a1ad734c9dd78b567ec05d3e79daf5aa603d15e4326480,combined-werner-v1,0.90000000000000002,1.0000000000000001e-05,3,MOSEK,1.0000000000000001e-05,0.19800223281451054,2.336411395631675,0.7788037985438917,optimal,0.012415182000040659,0,0,ok,,0.3020780960000593
6b1b13c8ebcfd28fa1dc3c92ddaf04e8a98f492f7b6d418922e22c37cf17b31d,combined-werner-v1,0.90000000000000002,1.0000000000000001e-05,4,MOSEK,1.0000000000000001e-05,0.1184908297709089,3.077152684337344,0.769288171084336,optimal,0.060782230999848252,0,0,ok,,0.92559237200021016
e643ce669c46469ce0684f5787a3c984eb278d0f0481b9e1002b226cd7edd62d,combined-werner-v1,0.90000000000000002,1.0000000000000001e-05,5,MOSEK,1.0000000000000001e-05,0.071370309853637195,3.8085321538277856,0.76170643076555711,optimal,0.90814475499973923,0,0,ok,,4.363406417999613
63c05e303e93d58b43def348102e406cdb68367ef2eafbc96d925a0e3b17bf15,combined-werner-v1,0.90000000000000002,1.0000000000000001e-05,6,MOSEK,1.0000000000000001e-05,0.043201785477514527,4.5327652513136272,0.7554608752189379,optimal,26.043251688000055,0,0,ok,,44.506378740999935
d46ab2348f4d391a12caa21381e5c919b27002b24005a05fc7debfd3dc6c784d,combined-werner-v1,0.94999999999999996,0.10000000000000001,1,MOSEK,1.0000000000000001e-05,0.41836160510853881,1.257177639720334,1.257177639720334,optimal,0.001158261999989918,0,0,ok,,0.091077568999935465
fd2875e0b506339c0717fa1d76939b50c45d23e5f6cf12bf8aad526131fffc0e,combined-werner-v1,0.94999999999999996,0.10000000000000001,2,MOSEK,1.0000000000000001e-05,0.21799999901566264,2.1975999663993746,1.0987999831996873,optimal,0.0046730959998058097,0,0,ok,,0.16706985000018904
027a2255adbccffc144baeaaec4ddaadac3a0a36cff9bbdc9d117e080e1937ce,combined-werner-v1,0.94999999999999996,0.10000000000000001,3,MOSEK,1.0000000000000001e-05,0.11587924851925681,3.1093058610609279,1.0364352870203093,optimal,0.018128924999928131,0,0,ok,,0.43900393800004167
7953f5853fdb892663b961ac59896de7107d3fe055adc7f3766621ca04638db2,combined-werner-v1,0.94999999999999996,0.10000000000000001,4,MOSEK,1.0000000000000001e-05,0.061598199763793,4.0209680016759766,1.0052420004189941,optimal,0.084816665000289504,0,0,ok,,1.4157481490001373
a61d5fe6ea25d13cfaa740dbbda33c822284c8fce3bfb7fdd247a75a707edae1,combined-werner-v1,0.94999999999999996,0.10000000000000001,5,MOSEK,1.0000000000000001e-05,0.032714292342939946,4.9339351263001303,0.98678702526002604,optimal,0.66905643299969597,0,0,ok,,4.4317803730000378
78675cfde997cb1cbbf1bd01788b293693526d72b3e8151e1a84a5a38d1f154b,combined-werner-v1,0.94999999999999996,0.10000000000000001,6,MOSEK,1.0000000000000001e-05,0.017442475022648354,5.8412514220478373,0.97354190367463955,optimal,19.946245583999826,0,0,ok,,36.772859517000143
5d7b8777726ca5b1f5a7144822e4661fe8693ef768bb88f60edd0dfc0fec31ca,combined-werner-v1,0.94999999999999996,0.01,1,MOSEK,1.0000000000000001e-05,0.5207999336906517,0.94119883007078409,0.94119883007078409,optimal,0.0014202969996404136,0,0,ok,,0.089732518999880995
b24f92c5ab81d292c9bc3036556d823412d2194af361f88bfb30c9fd278f4829,combined-werner-v1,0.94999999999999996,0.01,2,MOSEK,1.0000000000000001e-05,0.28263186809060481,1.8230039492998067,0.91150197464990335,optimal,0.0064555320000181382,0,0,ok,,0.17368696399989858
3421312e6d7e8bf92b9eca34720e7497a944d533d31f82a0af97d7ef2840d775,combined-werner-v1,0.94999999999999996,0.01,3,MOSEK,1.0000000000000001e-05,0.15424049416546254,2.6967465160017143,0.89891550533390474,optimal,0.018294288000106462,0,0,ok,,0.4467475229998854
102c769f08cf69b612e6b7adb52ccd1500056fa942362bd8fc4a46b3a2b1ad15,combined-werner-v1,0.94999999999999996,0.01,4,MOSEK,1.0000000000000001e-05,0.084706947612226816,3.5613758863962057,0.89034397159905143,optimal,0.088183910000225296,0,0,ok,,1.4000973910001449
5249037f33ff9435dfd637412ba1179973fa61e4130ea48494dbfa9a78dd9094,combined-werner-v1,0.94999999999999996,0.01,5,MOSEK,1.0000000000000001e-05,0.046722686361098192,4.4197329641780101,0.88394659283560206,optimal,0.71739076299991211,0,0,ok,,4.6532877960003134
3a08a6fb49a0969653201b4a3c3372b44909cdfc5ea5fb42cfc92d60c64cefbb,combined-werner-v1,0.94999999999999996,0.01,6,MOSEK,1.0000000000000001e-05,0.025906702251357935,5.270530807927396,0.87842180132123271,optimal,22.566985675000069,0,0,ok,,39.325523496000187
57c7aa3a252c8f7f6ca777a43ef018fbc8a8453456881cc39bfea50fe230c6db,combined-werner-v1,0.94999999999999996,0.001,1,MOSEK,1.0000000000000001e-05,0.53387089655838638,0.90543719082840746,0.90543719082840746,optimal,0.0013945320001766959,0,0,ok,,0.10059237499990559
286f7d8e91f67f52370c057edde41298600f49615f3fcae1f44d5399611bca6b,combined-werner-v1,0.94999999999999996,0.001,2,MOSEK,1.0000000000000001e-05,0.29024489099291223,1.7846574224702858,0.8923287112351429,optimal,0.0066230819998054358,0,0,ok,,0.18253861599987431
37738609ba5c28995cb73614a9bef1e1c1b1bd8418a104b7c6d74c6f3c68e59b,combined-werner-v1,0.94999999999999996,0.001,3,MOSEK,1.0000000000000001e-05,0.15933517944241132,2.6498632617728983,0.88328775392429948,optimal,0.011202972999853955,0,0,ok,,0.36842256199997792
6d946c1fb7be75c0c45abaf94a321b9133f9ee811f2ce834894710daf450fed0,combined-werner-v1,0.94999999999999996,0.001,4,MOSEK,1.0000000000000001e-05,0.088024102184956654,3.5059575825959044,0.8764893956489761,optimal,0.064543513999979041,0,0,ok,,0.93870667099963612
6c8eb3a066fc66d568b5cca7442c80762882dee858e95f22942c90cb4f6e2214,combined-werner-v1,0.94999999999999996,0.001,5,MOSEK,1.0000000000000001e-05,0.048874318775098582,4.3547795959304123,0.87095591918608251,optimal,0.74878943199973946,0,0,ok,,4.1593229869999959
d84f86b128da932d4411aa5eb3af6dae19443c239974409a25b07ab9d40bd675,combined-werner-v1,0.94999999999999996,0.001,6,MOSEK,1.0000000000000001e-05,0.027250602635537774,5.1975680549424705,0.86626134249041176,optimal,23.625105915999939,0,0,ok,,40.401725252000233
516ce4c7970099ab04dbe1ca440561b3c23b79ba7fa54bf636013760a22128b5,combined-werner-v1,0.94999999999999996,0.0001,1,MOSEK,1.0000000000000001e-05,0.53518690065124097,0.90188529018745756,0.90188529018745756,optimal,0.0013973959999020735,0,0,ok,,0.070453534999614931
7c52c2aceae0f60e50e5ccc7507f6b77bd68a06532e145383047ec966d51ddf2,combined-werner-v1,0.94999999999999996,0.0001,2,MOSEK,1.0000000000000001e-05,0.29115212067837731,1.7801549678507245,0.89007748392536223,optimal,0.0040312410001206445,0,0,ok,,0.1085911639997903
d3285f050546eeee449022345d4c304c4b4397182c9745040e14866f4ad8d6a2,combined-werner-v1,0.94999999999999996,0.0001,3,MOSEK,1.0000000000000001e-05,0.15989537049239824,2.6447999263276984,0.88159997544256619,optimal,0.011438333999649331,0,0,ok,,0.29932000500002687
10d557df53f47afb9be040aedc7e9fcdc790c8c078887a6401a139362dcef761,combined-werner-v1,0.94999999999999996,0.0001,4,MOSEK,1.0000000000000001e-05,0.088403308596492022,3.4997558246101992,0.8749389561525498,optimal,0.053501390999826981,0,0,ok,,0.89859944699992411
aa1c7167cd3a9dd8acf833c1047014825a0f3b905560fe9d8d97432391b21d23,combined-werner-v1,0.94999999999999996,0.0001,5,MOSEK,1.0000000000000001e-05,0.049132311502888555,4.3471840753487712,0.86943681506975423,optimal,0.75920269399966855,0,0,ok,,4.0862643780001235
aa1d7a1b84e3ae46abe80768e3a9552bcb9441505eae9410f984426921382e9f,combined-werner-v1,0.94999999999999996,0.0001,6,MOSEK,1.0000000000000001e-05,0.027420936849053147,5.1885783274688926,0.86476305457814873,optimal,25.907989874999657,0,0,ok,,42.689209239999855
a63521befe0278639e5a1b62e0152689eddb22faf5208882e266eda4a34a98bb,combined-werner-v1,0.94999999999999996,1.0000000000000001e-05,1,MOSEK,1.0000000000000001e-05,0.53531859367474843,0.90153033101368529,0.90153033101368529,optimal,0.0013219780003055348,0,0,ok,,0.074803228999826388
df8533cecd249e427808b1748f2ca0baafb253af17ce84f470fdb6ffd100e25e,combined-werner-v1,0.94999999999999996,1.0000000000000001e-05,2,MOSEK,1.0000000000000001e-05,0.29124925474528918,1.7796737367140962,0.88983686835704812,optimal,0.0046266140002444445,0,0,ok,,0.10968008700001519
f55827adc75a47be623e820bc3b2c5fbe1adbc099961865cda801fbbbef0cfba,combined-werner-v1,0.94999999999999996,1.0000000000000001e-05,3,MOSEK,1.0000000000000001e-05,0.15995547151358852,2.6442577520710966,0.88141925069036553,optimal,0.012628986999970948,0,0,ok,,0.29238678699994125
356665f4ef3115fa22efcff80b5665655062161f74304ec1bd40403ef0b4b3a8,combined-werner-v1,0.94999999999999996,1.0000000000000001e-05,4,MOSEK,1.0000000000000001e-05,0.088444656960916315,3.499081199022025,0.87477029975550624,optimal,0.058539839999866672,0,0,ok,,0.96605306299989024
c4080062a4c29b4e8e63dc4ce58a3d6dce01e17f448c09638c18e3a6aacd2340,combined-werner-v1,0.94999999999999996,1.0000000000000001e-05,5,MOSEK,1.0000000000000001e-05,0.049160298483069589,4.3463625145292237,0.86927250290584479,optimal,1.1705265169998711,0,0,ok,,6.2858852510003089
8af093818f4281b5f2248419a42f3d3f14082772997a81713269f2f058a6ec58,combined-werner-v1,0.94999999999999996,1.0000000000000001e-05,6,MOSEK,1.0000000000000001e-05,0.027440448423327123,5.1875521319948961,0.86459202199914931,optimal,25.435063170999911,0,0,ok,,42.493250330000137
d1437e32b5a25e9cd6b6d6aa2a4ba87e64d1ea861d81343d010288c45380dee8,combined-werner-v1,1,0.10000000000000001,1,MOSEK,1.0000000000000001e-05,0.40499999918667262,1.304006189787343,1.304006189787343,optimal,0.0011202719997527311,0,0,ok,,0.10518575800006147
80a6249e399bbf8461713a28c9642bfe8694fc7a9264ca472164696c1444a230,combined-werner-v1,1,0.10000000000000001,2,MOSEK,1.0000000000000001e-05,0.20249999993889928,2.304006187325407,1.1520030936627035,optimal,0.0035603110000010929,0,0,ok,,0.16439313299997593
b6e3cbd8ad32b4706360addb8c8ed562c91e89c4073fdac212ab70fee452ffeb,combined-werner-v1,1,0.10000000000000001,3,MOSEK,1.0000000000000001e-05,0.10124999919809501,3.304006198316316,1.101335399438772,optimal,0.0084183520002625301,0,0,ok,,0.42895633600028304
662a2c007aee47b726af5282a3835a08823fb6f1161d30b9ef4d22eb38ed2318,combined-werner-v1,1,0.10000000000000001,4,MOSEK,1.0000000000000001e-05,0.050624999998150712,4.3040061869428001,1.0760015467357,optimal,0.030683425000006537,0,0,ok,,1.0226821199998994
5dc5dc3a56a2305f94f5232d683ac3d26e1e39a5da346d5e94d9e6c0cce80388,combined-werner-v1,1,0.10000000000000001,5,MOSEK,1.0000000000000001e-05,0.025312499999537663,5.3040061869164514,1.0608012373832902,optimal,0.37569487800010393,0,0,ok,,3.814738645000034
99601ed213bc96ec95e959eaad5cc7a7faf9674d6550d66690d3f737653ac93d,combined-werner-v1,1,0.10000000000000001,6,MOSEK,1.0000000000000001e-05,0.012656249999955118,6.304006186895216,1.0506676978158693,optimal,13.561335391000284,3.8502534494000429e-13,0,ok,,30.34259781999981
45b74e6e43fd0809935676df0ffdfee9eec7d09d676773686c59cf4691b97c22,combined-werner-v1,1,0.01,1,MOSEK,1.0000000000000001e-05,0.49004999998701837,1.0289991394284477,1.0289991394284477,optimal,0.001002920999781054,0,0,ok,,0.069814152000162721
2de16c1757d7b78961f420f84f5a94c6243bd6408b185fbe5b87f7798506ef65,combined-werner-v1,1,0.01,2,MOSEK,1.0000000000000001e-05,0.24502499943175385,2.0289991427360352,1.0144995713680176,optimal,0.0020910110001750581,0,0,ok,,0.10497808599984637
fbdeed59f79ca44246be5f1550a6d63bd3294c54359e23d0f8e0e72aa260496d,combined-werner-v1,1,0.01,3,MOSEK,1.0000000000000001e-05,0.12251249996382239,3.0289991398162539,1.0096663799387513,optimal,0.0051611429998956737,0,0,ok,,0.28547832300000664
a34a6920c5908778547033893299951832c937b23dbc1cbb6aac26cf44702355,combined-werner-v1,1,0.01,4,MOSEK,1.0000000000000001e-05,0.061256249982582445,4.0289991398004448,1.0072497849501112,optimal,0.030383214999801567,0,0,ok,,0.9238477519998014
1dce075cd1fe7175888685fb19c6cbf42316ae02e9496af6a40f42ed653514f1,combined-werner-v1,1,0.01,5,MOSEK,1.0000000000000001e-05,0.030628124999707112,5.0289991394040259,1.0057998278808051,optimal,0.56098959100017964,0,0,ok,,4.3141035519997786
2b14b6f8abc087c5abf8dea0a0ac4029ce479597af5ce405c597f77cdcf98d36,combined-werner-v1,1,0.01,6,MOSEK,1.0000000000000001e-05,0.015314062454955297,6.028999143633766,1.0048331906056276,optimal,11.131290749000073,0,0,ok,,29.059256126000037
3065b98d0238f84e8a5ea587958e0aea14fd71c305dde8a310c74ce0ff646df3,combined-werner-v1,1,0.001,1,MOSEK,1.0000000000000001e-05,0.49900049990692019,1.0028868340084469,1.0028868340084469,optimal,0.0010808239999278157,0,0,ok,,0.093579267000222899
1e25d735f438181406abd7d665b10409602f210e28631fa83ce86181cec7b2c2,combined-werner-v1,1,0.001,2,MOSEK,1.0000000000000001e-05,0.24950024774112348,2.0028868468009273,1.0014434234004637,optimal,0.0030658310001854261,0,0,ok,,0.16730324899981497
c14b4c307c4c20cd0325e47adad07e58461def5475f11155734725a06a915a3b,combined-werner-v1,1,0.001,3,MOSEK,1.0000000000000001e-05,0.12475012484085057,3.0028868355798495,1.0009622785266166,optimal,0.0080507659999966563,0,0,ok,,0.43585671600021669
9fdfa59e6455b80b018c75f70259b8009d0b5e132b641189670ade3e339431fd,combined-werner-v1,1,0.001,4,MOSEK,1.0000000000000001e-05,0.062375062499509346,4.0028868337506855,1.0007217084376714,optimal,0.05068172199980836,0,0,ok,,1.3660748439997406
2242f0757cd12bca71a0c87fc40c877ecd6318c43ba497cd2fbf67835e5880dd,combined-werner-v1,1,0.001,5,MOSEK,1.0000000000000001e-05,0.031187531248383988,5.0028868338140917,1.0005773667628184,optimal,0.38649883700009013,0,0,ok,,4.2197519720002674
87be645984dc7a54ecb658dbac0c479f671a89cf9baab8aef6739b2b05fd7945,combined-werner-v1,1,0.001,6,MOSEK,1.0000000000000001e-05,0.015593765618008633,6.0028868343861603,1.00048113906436,optimal,12.026784227999997,0,0,ok,,28.829592391000006
0e803f52f81f66f9456b5c68140dcb7a0903638655e8b1f9f63d545080b70dc6,combined-werner-v1,1,0.0001,1,MOSEK,1.0000000000000001e-05,0.49990000485744363,1.000288553847503,1.000288553847503,optimal,0.00077705200010314002,0,0,ok,,0.067577486999653047
759410eafbb1f3a9a4848db91e3df54371ce3c065102767a5367b5d832df97c1,combined-werner-v1,1,0.0001,2,MOSEK,1.0000000000000001e-05,0.24994999886457078,2.0002885744195495,1.0001442872097748,optimal,0.0019093480000265117,0,0,ok,,0.12152147400001923
f3622907993f1805e48e8e22167b3caf0a30cabe9b27005b92ecb31b064998e6,combined-werner-v1,1,0.0001,3,MOSEK,1.0000000000000001e-05,0.12497500108502942,3.000288555340489,1.0000961851134964,optimal,0.005117965999943408,0,0,ok,,0.32359057799976654
6004dadeee56d77446f48d148e61d086c870f49873eaea760b758ccf4515d7e1,combined-werner-v1,1,0.0001,4,MOSEK,1.0000000000000001e-05,0.062487500609954123,4.0002885537834656,1.0000721384458664,optimal,0.030352210999808449,0,0,ok,,0.87688863300036246
a9732ac4e5c9333336bc170adf9a285b2b46c4db4daf4a2744239e432a1a21d3,combined-werner-v1,1,0.0001,5,MOSEK,1.0000000000000001e-05,0.031243750118373385,5.0002885623999793,1.0000577124799959,optimal,0.38906333900013124,0,0,ok,,3.7213689879999947
06aae68a06df8c7e648fdd77aea77e836a4efc4b8f0bb921de5a89aa3414abea,combined-werner-v1,1,0.0001,6,MOSEK,1.0000000000000001e-05,0.015621875131001372,6.0002885557678249,1.0000480926279709,optimal,11.523744948000058,0,0,ok,,28.749903527000242
4c87040ca88a40c4beed75aa7fc5c30bf9bbe9427396e80deeb4ea36121fc0bf,combined-werner-v1,1,1.0000000000000001e-05,1,MOSEK,1.0000000000000001e-05,0.49998998855506904,1.0000288872131118,1.0000288872131118,optimal,0.00098650500012809061,0,0,ok,,0.069347918999937974
7fe86e7b981b6a8b1f52c6130165d7dec4c2c0be8c39e6edc6a66fe52ff18c3b,combined-werner-v1,1,1.0000000000000001e-05,2,MOSEK,1.0000000000000001e-05,0.24999499927374591,2.0000288583804973,1.0000144291902486,optimal,0.0021346209996409016,0,0,ok,,0.1031620569997358
08d3891d79167a222efa67bcb3329b1cdab7acaddf8ea8c6c883f9f9dbfd4fa6,combined-werner-v1,1,1.0000000000000001e-05,3,MOSEK,1.0000000000000001e-05,0.12499749986830001,3.0000288557094144,1.0000096185698049,optimal,0.005527879000055691,0,0,ok,,0.31219348399963565
fe9fbe2159a757d34f8f712e7038eeb007f6348e5948baa45428813565fef9fa,combined-werner-v1,1,1.0000000000000001e-05,4,MOSEK,1.0000000000000001e-05,0.062498750004465004,4.0000288540862927,1.0000072135215732,optimal,0.030411397000079887,0,0,ok,,0.88822398999991492
c28131889651454c806fa9bab6e49420da911cb0feb2e7074eb28d5fafd4d0f5,combined-werner-v1,1,1.0000000000000001e-05,5,MOSEK,1.0000000000000001e-05,0.031249374620877287,5.0000288716923817,1.0000057743384763,optimal,0.38337681199982399,0,0,ok,,5.4460325319996628
be0d0507b3bf49846f4f2870ad91ac521de0d2ee18b3dab8f168a2c4b0600ca4,combined-werner-v1,1,1.0000000000000001e-05,6,MOSEK,1.0000000000000001e-05,0.015624687404618096,6.0000288629963849,1.0000048104993975,optimal,11.812419847000001,0,0,ok,,28.890959461999955
72b5f010127df5fd0070a200a5d293ba4a7b9d3bd6df3bdf95e336bf0d98520f,combined-werner-v1,0.80000000000000004,0,1,MOSEK,1.0000000000000001e-05,0.6399999927644352,0.64385620608521454,0.64385620608521454,optimal,0.0068696050002472475,0,0,ok,,0.11247586900026363
ab0af4286e36ebef6e5ae5828b3c2b68b9a936d52078714c8698ae1640a2ae93,combined-werner-v1,0.80000000000000004,0,2,MOSEK,1.0000000000000001e-05,0.42228916555138601,1.2436968617329924,0.62184843086649622,optimal,0.014566116999048973,0,0,ok,,0.18188798399933148
627b5b6d55e744368ed03d6f685754de750c931e43352ac4efbdf69e87fb85ac,combined-werner-v1,0.80000000000000004,0,3,MOSEK,1.0000000000000001e-05,0.28281739103340847,1.8220572576742036,0.60735241922473449,optimal,0.022783344998970279,0,0,ok,,0.44104010299997753
4bb7e9fd9b3021c8e9d05fca3674b552cf28b406b03bf10a3d92aa9af9e7ea96,combined-werner-v1,0.80000000000000004,0,4,MOSEK,1.0000000000000001e-05,0.19112070382677385,2.3874440230591389,0.59686100576478474,optimal,0.10966048399859574,0,0,ok,,1.5382253220013808
ebf1944e3b5330a3a451179be55000778bdbd8ce1b3f8039160dd7089748a26c,combined-werner-v1,0.80000000000000004,0,5,MOSEK,1.0000000000000001e-05,0.12995214740703215,2.9439476209242756,0.58878952418485508,optimal,1.0508475599999656,0,0,ok,,5.0713948739994521
dce86629c3e58b61169a906407c0006c11ba72b3a0363299262b0cec4d70a378,combined-werner-v1,0.80000000000000004,0,6,MOSEK,1.0000000000000001e-05,0.088763553767075037,3.493888760866422,0.58231479347773696,optimal,30.814263345000654,0,0,ok,,48.175636695001231
d6a7443a835aebe60e10fa9c7c4f7ccbc7dc33ae53f19b9ba996d229ef3759bd,combined-werner-v1,0.84999999999999998,0,1,MOSEK,1.0000000000000001e-05,0.60546769003442569,0.72387812038611421,0.72387812038611421,optimal,0.0011522349996084813,0,0,ok,,0.079511840000122902
c88f35c976548a6e78adc7ae77bac475ea984c78afbd9d62b1c555ad028927dc,combined-werner-v1,0.84999999999999998,0,2,MOSEK,1.0000000000000001e-05,0.37758776327171822,1.4051160837714689,0.70255804188573445,optimal,0.0043423110000730958,0,0,ok,,0.11636324499886541
58276772a379193356f378ff5dc9791d14894297eab78d553efd69b0d0cb43fb,combined-werner-v1,0.84999999999999998,0,3,MOSEK,1.0000000000000001e-05,0.23901204671549778,2.0648447599503239,0.68828158665010797,optimal,0.013122585000019171,0,0,ok,,0.32058380600028613
af941c2407df1c3716b049cc3339bc36b177b279d7fc0bd537076a6eb9c7373f,combined-werner-v1,0.84999999999999998,0,4,MOSEK,1.0000000000000001e-05,0.1527109217594903,2.7111248487003028,0.6777812121750757,optimal,0.093230811000466929,0,0,ok,,1.2572434979992977
84afdace6219c7897ec659f7b1eeee3aff8db47e7863137363a1b2696973c9c3,combined-werner-v1,0.84999999999999998,0,5,MOSEK,1.0000000000000001e-05,0.098208320006160657,3.3480109379112402,0.66960218758224799,optimal,1.0317074029990181,0,0,ok,,5.8506486699989182
ed1c2fcda75ac64bc2475d5db4996eef550ca83825e45c7e4efa542b66fbaee9,combined-werner-v1,0.84999999999999998,0,6,MOSEK,1.0000000000000001e-05,0.063465104789071303,3.9778926212818027,0.66298210354696707,optimal,31.575301770999431,0,0,ok,,49.301518767000744
063c07df2631b80e4b9b05cc39724c917ef1dbd885c59942e02d74fc198093f6,combined-werner-v1,0.90000000000000002,0,1,MOSEK,1.0000000000000001e-05,0.5705336638050702,0.8096160809907752,0.8096160809907752,optimal,0.0011279250011284603,0,0,ok,,0.06954086699988693
200890c7fcb6139cdffc92f229c64bd2b6a13738edd8c85619a7f300b460c55c,combined-werner-v1,0.90000000000000002,0,2,MOSEK,1.0000000000000001e-05,0.33385005177833332,1.5827278309022723,0.79136391545113616,optimal,0.0041407270000490826,0,0,ok,,0.12281227599851263
7b288d834d3edf2c512b218678de9c6efb540d32fb9a13661171c6d9c09486f4,combined-werner-v1,0.90000000000000002,0,3,MOSEK,1.0000000000000001e-05,0.19801113225728434,2.3363465534667838,0.77878218448892789,optimal,0.013604298001155257,0,0,ok,,0.32790739200027019
34a4d9e6577f1db06224f20f56938f4777910b5dd62b247bcb5c19051be806f4,combined-werner-v1,0.90000000000000002,0,4,MOSEK,1.0000000000000001e-05,0.11849742834883133,3.0770723450351052,0.7692680862587763,optimal,0.078893752999647404,0,0,ok,,1.0079333699995914
8cb9e0684e0594644824a2a90df9f57f0a5fa706dab691b3b9aee56f99d2189c,combined-werner-v1,0.90000000000000002,0,5,MOSEK,1.0000000000000001e-05,0.0713748417169391,3.8084405486609283,0.7616881097321857,optimal,1.1528474709994043,0,0,ok,,6.6790369109985477
39b6c33a51f2d14be0dc4bcb8218507741bbf6ef636879cb43af4fc41bb8eb3b,combined-werner-v1,0.90000000000000002,0,6,MOSEK,1.0000000000000001e-05,0.043205127966545201,4.5326536354218199,0.75544227257030327,optimal,30.257923851000669,0,0,ok,,47.919185926000864
df9d8a5bf09980ef450d0f018305ce5b75fa6fa19d5190e3fd39319936789f51,combined-werner-v1,0.94999999999999996,0,1,MOSEK,1.0000000000000001e-05,0.53533322447947118,0.9014909012213641,0.9014909012213641,optimal,0.00097445699975651223,0,0,ok,,0.071454768998592044
88e0f10abbd7abdecd40f94e3dff4ace245dab3e34a5ea3ad0dc999299eadb89,combined-werner-v1,0.94999999999999996,0,2,MOSEK,1.0000000000000001e-05,0.29126004754658169,1.7796202758651707,0.88981013793258534,optimal,0.0042701510010374477,0,0,ok,,0.1132063469995046
fbd9ddbdf04ca027e90c5a32520ee598e824b8188ca434e3da8a07f82ddb444c,combined-werner-v1,0.94999999999999996,0,3,MOSEK,1.0000000000000001e-05,0.15996346855348498,2.6441856257393428,0.88139520857978093,optimal,0.011378520999642205,0,0,ok,,0.31369870399976207
94bcdb792495c7d3d90e868f4b295b58173344c24fa9ee997f93cd70aeba25ec,combined-werner-v1,0.94999999999999996,0,4,MOSEK,1.0000000000000001e-05,0.088449469878588427,3.4990026936178769,0.87475067340446921,optimal,0.061559249001220451,0,0,ok,,0.94982791700022062
176a498d114749156cb0e09247d7d60e31c5fef2ac99b8d5af72a427c4ae9301,combined-werner-v1,0.94999999999999996,0,5,MOSEK,1.0000000000000001e-05,0.049163667381182496,4.3462636517024462,0.86925273034048922,optimal,1.3939939989995764,0,0,ok,,6.0271760800005723
063f4ad5f7a21585cf78d054f9e54b7afed67c1e4ddbe8e86e1f9ea381e67a3d,combined-werner-v1,0.94999999999999996,0,6,MOSEK,1.0000000000000001e-05,0.027442768074063255,5.1874301803736476,0.8645716967289413,optimal,27.40949702099897,0,0,ok,,45.04584787100066
c53c2a6c56bb7c65ae42ed9c1905e9344a04ca8f593248ebdbe3bfdb988c6b50,combined-werner-v1,1,0,1,MOSEK,1.0000000000000001e-05,0.4999999984814012,1.0000000043817499,1.0000000043817499,optimal,0.00078257000131998211,0,0,ok,,0.067362124000283075
0e9f78dea97d1ec21fe0331be6b0dc1d87aef59774d1f82c4d5a9de01615ba90,combined-werner-v1,1,0,2,MOSEK,1.0000000000000001e-05,0.2499999999021309,2.0000000005647811,1.0000000002823906,optimal,0.0019466120011202293,0,0,ok,,0.11136948099920119
32e37f5e502c432c61bd56ed815fcaa371c50403e29eff6c4cb670759eb26a95,combined-werner-v1,1,0,3,MOSEK,1.0000000000000001e-05,0.12499999995591646,3.000000000508793,1.0000000001695977,optimal,0.0046778989999438636,0,0,ok,,0.30443591499897593
b1a64d27af8126e4d1a0f5912419369c2ea8c3ce828ff6d9d9c938f459b7987c,combined-werner-v1,1,0,4,MOSEK,1.0000000000000001e-05,0.062499999988343165,4.0000000002690763,1.0000000000672691,optimal,0.022360348999427515,0,0,ok,,0.90518027700090897
b7f055ab8701d1015fed9b7da67475140906e0a4269c6d6f21e37e3810b41551,combined-werner-v1,1,0,5,MOSEK,1.0000000000000001e-05,0.031249999999968789,5.0000000000014406,1.0000000000002882,optimal,0.35137287399993511,0,0,ok,,3.8165055070003291
51891df5b00e52975a35a3ab6ca58648654ed5ca20b6b6486499ecf6c29db164,combined-werner-v1,1,0,6,MOSEK,1.0000000000000001e-05,0.015624999999999977,6.0000000000000018,1.0000000000000002,optimal,10.268930436001028,0,0,ok,,28.303748427000755
