case_key,model_version,W,epsilon,n,solver,tol,v_low,v_up,H_alt_low,H_alt_up,alt_low,alt_up,bits_per_copy,bits_per_copy_up,radius_low,radius_up,radius_squared_low,radius_squared_up,low_status,up_status,low_seconds,up_seconds,run_status,error,wall_seconds
12e821c27285319407690e7a17a4eede3983f72eacab40a0738796958ed27600,combined-werner-v1,0.80000000000000004,0.10000000000000001,1,MOSEK,1.0000000000000001e-05,0.54336843770521082,0.49998135311040875,0.87999732779751549,1.0000538045535763,0,1,0.87999732779751549,1.0000538045535763,0.22360679774997896,0.31622776601683794,0.050000000000000003,0.10000000000000001,optimal,optimal,0.078578700005891733,0.016495899995788932,ok,,0.10720969999965746
55b11b193abc92f5f7bf414826ac2b0d0e608e02f3956c2031d8e5505457d8a3,combined-werner-v1,0.80000000000000004,0.10000000000000001,2,MOSEK,1.0000000000000001e-05,0.36553180970583782,0.29165336293982208,1.4519311354730216,1.777673385492645,0,1,0.72596556773651078,0.88883669274632249,0.22360679774997896,0.31622776601683794,0.050000000000000003,0.10000000000000001,optimal,optimal,0.040899699997680727,0.036980299999413546,ok,,0.089400500000920147
8f58e6fc8a90a6b8da9f5d05aceb30668789940653445c1a76101f9a67e02aaa,combined-werner-v1,0.80000000000000004,0.10000000000000001,3,MOSEK,1.0000000000000001e-05,0.2483722905238977,0.19237485445454622,2.0094238655867795,2.3780078598363268,0,2,0.66980795519559322,0.79266928661210889,0.22360679774997896,0.31622776601683794,0.050000000000000003,0.10000000000000001,optimal,optimal,0.14471290000074077,0.14269860000058543,ok,,0.29939140000351472
1469b014e97d539ef2ca5c7e72f63bdda75dcd5f60da5eb653455921c7101c7f,combined-werner-v1,0.80000000000000004,0.10000000000000001,4,MOSEK,1.0000000000000001e-05,0.16865349988822761,0.12791745984427116,2.5678658374919028,2.9667148993809556,0,3,0.6419664593729757,0.74167872484523889,0.22360679774997896,0.31622776601683794,0.050000000000000003,0.10000000000000001,optimal,optimal,0.76790359999722568,0.74761430000216933,ok,,1.5283746999994037
b92ef84dcf63f6eba327c5074626f620785f7c08a37e4a2b0c61bf2d0048578d,combined-werner-v1,0.80000000000000004,0.10000000000000001,5,MOSEK,1.0000000000000001e-05,0.11465078869339271,0.08498442132668188,3.1246818155017326,3.5566577877550771,0,3,0.6249363631003465,0.7113315575510154,0.22360679774997896,0.31622776601683794,0.050000000000000003,0.10000000000000001,optimal,optimal,5.2575680000009015,5.0382847000000766,ok,,10.309745400001702
46b6a161252be58b57c918985022f37cffa17cd8167c6de3e2e0c2402f67c0b7,combined-werner-v1,0.80000000000000004,0.10000000000000001,6,MOSEK,1.0000000000000001e-05,0.078567776621365701,0.05639901118876766,3.6699184554146433,4.148186320866377,0,4,0.61165307590244056,0.69136438681106283,0.22360679774997896,0.31622776601683794,0.050000000000000003,0.10000000000000001,optimal,optimal,74.024634800000058,76.272591400003876,ok,,150.3143052000014
d40a4e313497eaba07102b667c3a3be9fb087484fe3bd1b581a37e99fcc2499f,combined-werner-v1,0.80000000000000004,0.01,1,MOSEK,1.0000000000000001e-05,0.69301935999411302,0.66558228863716684,0.52903243923863297,0.5873110514854285,0,0,0.52903243923863297,0.5873110514854285,0.070710678118654752,0.10000000000000001,0.0050000000000000001,0.01,optimal,optimal,0.016712500000721775,0.016445299996121321,ok,,0.044939799998246599
194cb2ff84e915a845403236844d28c9344d77746810b9c970494f5e31bbc975,combined-werner-v1,0.80000000000000004,0.01,2,MOSEK,1.0000000000000001e-05,0.50124941042212279,0.47263415561104061,0.99639946024066206,1.0812042033028191,0,1,0.49819973012033103,0.54060210165140954,0.070710678118654752,0.10000000000000001,0.0050000000000000001,0.01,optimal,optimal,0.037525899999309331,0.037032599997473881,ok,,0.085770600002433639
cfb2f1dda71aacee2985a094e27845cc94b76059cc24949fbe0d0ce7dfab1a5d,combined-werner-v1,0.80000000000000004,0.01,3,MOSEK,1.0000000000000001e-05,0.36469924185725611,0.33859378147734315,1.4552208943082472,1.5623726175610186,0,1,0.4850736314360824,0.52079087252033951,0.070710678118654752,0.10000000000000001,0.0050000000000000001,0.01,optimal,optimal,0.14158499999757623,0.14418169999407837,ok,,0.29779450000205543
71b769b1de03d6c8da5c6ffc486bbd5d4f99f84e7607b0e871a31dd12b1cf6de,combined-werner-v1,0.80000000000000004,0.01,4,MOSEK,1.0000000000000001e-05,0.26539778931162145,0.24334950512145145,1.913771741370077,2.0388982541503546,0,2,0.47844293534251925,0.50972456353758866,0.070710678118654752,0.10000000000000001,0.0050000000000000001,0.01,optimal,optimal,0.74965679999877466,0.77754529999947408,ok,,1.5404131999966921
7398d62bdaf8d1769cc7e985a902c21ba66dea65702fc666f044facc8fcf7371,combined-werner-v1,0.80000000000000004,0.01,5,MOSEK,1.0000000000000001e-05,0.19288594667846731,0.17479474259063787,2.3741800598251399,2.5162663022255125,0,2,0.474836011965028,0.50325326044510255,0.070710678118654752,0.10000000000000001,0.0050000000000000001,0.01,optimal,optimal,5.4990952000007383,8.7097836000029929,ok,,14.222776800001157
667cb28129cb58eeda63f942de6ee928a8f3ceff402fbc9e273205d2cf00b380,combined-werner-v1,0.80000000000000004,0.01,6,MOSEK,1.0000000000000001e-05,0.14026168901095973,0.12535848336038832,2.8338070889342966,2.9958684641895226,0,3,0.47230118148904943,0.49931141069825374,0.070710678118654752,0.10000000000000001,0.0050000000000000001,0.01,optimal,optimal,83.116623199995956,80.739931199997955,ok,,163.87347469999804
c5cdf9f10abd776097f7974e2746ff60d765091e1ac39f2e45fa2ec6165c9a25,combined-werner-v1,0.80000000000000004,0.001,1,MOSEK,1.0000000000000001e-05,0.73670024933270184,0.72849886799597818,0.44085036398937294,0.45700136437912203,0,0,0.44085036398937294,0.45700136437912203,0.022360679774997897,0.031622776601683791,0.00050000000000000001,0.001,optimal,optimal,0.017299300001468509,0.01618869999947492,ok,,0.04467040000599809
c1ca85f91c258a0778d1ceee20ca7deb6e612de9ed95d93ebb4c0eb5ceff8048,combined-werner-v1,0.80000000000000004,0.001,2,MOSEK,1.0000000000000001e-05,0.54957508441095337,0.54034636371079792,0.86361149541032045,0.88804361905580431,0,0,0.43180574770516023,0.44402180952790216,0.022360679774997897,0.031622776601683791,0.00050000000000000001,0.001,optimal,optimal,0.037309500003175344,0.036481600000115577,ok,,0.085391799999342766
95f4b56beff4c718021002d9dac01f40ddae85adb2930a56cc747803c65559cc,combined-werner-v1,0.80000000000000004,0.001,3,MOSEK,1.0000000000000001e-05,0.41026295232105159,0.40115846210641143,1.285379213422899,1.3177558648483432,0,1,0.42845973780763297,0.43925195494944774,0.022360679774997897,0.031622776601683791,0.00050000000000000001,0.001,optimal,optimal,0.14746210000157589,0.14463880000403151,ok,,0.30458039999939501
a59f1e36f7b836f90f83d861bbd4bcced8cf689f12cd79220df142c207a09477,combined-werner-v1,0.80000000000000004,0.001,4,MOSEK,1.0000000000000001e-05,0.30625027858100035,0.29792809849637636,1.7072169384219666,1.7469638999682351,0,1,0.42680423460549166,0.43674097499205877,0.022360679774997897,0.031622776601683791,0.00050000000000000001,0.001,optimal,optimal,0.75063660000159871,0.75374649999866961,ok,,1.5168579000019236
b137924d44fbcba2895d98d05db0f163f826f3edeaffe8976c9c29971c011ba2,combined-werner-v1,0.80000000000000004,0.001,5,MOSEK,1.0000000000000001e-05,0.22834245039141599,0.22113105231503333,2.1307290037168296,2.1770264651411408,0,2,0.42614580074336594,0.43540529302822817,0.022360679774997897,0.031622776601683791,0.00050000000000000001,0.001,optimal,optimal,5.4167505000004894,5.4685166999988724,ok,,10.906490200002736
af5f6a3456f1b3a22d7051684b837baf34ddffa8f93f695566294a5dd5a8d84d,combined-werner-v1,0.80000000000000004,0.001,6,MOSEK,1.0000000000000001e-05,0.16987092758828201,0.16379447971183211,2.5574891300234066,2.6100413595602578,0,2,0.42624818833723443,0.43500689326004299,0.022360679774997897,0.031622776601683791,0.00050000000000000001,0.001,optimal,optimal,84.46950530000322,84.412022500000603,ok,,168.89840160000313
27308a6af0512450d949e08c5ea180539bc9b3bf4e009efdd369851db1858e65,combined-werner-v1,0.80000000000000004,0.0001,1,MOSEK,1.0000000000000001e-05,0.75005717742465572,0.74751155815931558,0.41492751735511058,0.41983220819172262,0,0,0.41492751735511058,0.41983220819172262,0.0070710678118654753,0.01,5.0000000000000002e-05,0.0001,optimal,optimal,0.016192899995076004,0.016251900000497699,ok,,0.043897900002775714
d8c73495ad3d74bb08b131035118983a3427254d66525c66fe0507401a31219c,combined-werner-v1,0.80000000000000004,0.0001,2,MOSEK,1.0000000000000001e-05,0.56476532255989353,0.56185027649986952,0.82427658720384966,0.83174236680673841,0,0,0.41213829360192483,0.4158711834033692,0.0070710678118654753,0.01,5.0000000000000002e-05,0.0001,optimal,optimal,0.03869769999437267,0.037848799998755567,ok,,0.087939699995331466
17c6bad47255237225134c4f299f04779f52d60a654a74a0b78280543c1812ec,combined-werner-v1,0.80000000000000004,0.0001,3,MOSEK,1.0000000000000001e-05,0.42531696969098931,0.42242496205531926,1.2333896767903101,1.2432330055286755,0,1,0.41112989226343671,0.41441100184289187,0.0070710678118654753,0.01,5.0000000000000002e-05,0.0001,optimal,optimal,0.1472353999997722,0.14401640000141924,ok,,0.30312830000184476
0c09cedbda288222d8f6c84adbac3b3a8c60f9444631ac8c2c528247c36f046f,combined-werner-v1,0.80000000000000004,0.0001,4,MOSEK,1.0000000000000001e-05,0.32029700928340604,0.31755612299325769,1.6425177676212928,1.6549165070696581,0,1,0.41062944190532319,0.41372912676741452,0.0070710678118654753,0.01,5.0000000000000002e-05,0.0001,optimal,optimal,0.7715881000040099,0.80840380000154255,ok,,1.5928103999976884
46fcb369cafa1f4d6ef9367207c6bf5fe6a559a8b63754f4b39f76c07ec69ed4,combined-werner-v1,0.80000000000000004,0.0001,5,MOSEK,1.0000000000000001e-05,0.23999443410998303,0.23812141027716596,2.0589271472828949,2.0702307510031535,0,2,0.41178542945657898,0.41404615020063068,0.0070710678118654753,0.01,5.0000000000000002e-05,0.0001,optimal,optimal,5.5789972999991733,5.4665414000046439,ok,,11.059453899993969
a82ec2e5c86d96f68b9221b53082de9800b43757024f820d895b71f5f507716a,combined-werner-v1,0.80000000000000004,0.0001,6,MOSEK,1.0000000000000001e-05,0.17842597673958349,0.17716271352255797,2.4866024247795275,2.4968530952634111,0,2,0.41443373746325457,0.41614218254390184,0.0070710678118654753,0.01,5.0000000000000002e-05,0.0001,optimal,optimal,85.396023000001151,83.923982799999067,ok,,169.33657550000498
005af5f33fe5351dd94284e77a7b7e1313590d93fb1742d4c9b6159a3fb7a629,combined-werner-v1,0.80000000000000004,1.0000000000000001e-05,1,MOSEK,1.0000000000000001e-05,0.75423108619894075,0.75343373668999403,0.4069214814260575,0.4084474602407076,0,0,0.4069214814260575,0.4084474602407076,0.0022360679774997899,0.0031622776601683794,5.0000000000000004e-06,1.0000000000000001e-05,optimal,optimal,0.016669600001478102,0.016355100000509992,ok,,0.044288000004598871
91283a83e6e036c0675c2d01b6c701435912a87ceaf8e4480076471c1e6a47c7,combined-werner-v1,0.80000000000000004,1.0000000000000001e-05,2,MOSEK,1.0000000000000001e-05,0.56955129678864047,0.56862992629421882,0.81210231039064418,0.81443806660683082,0,0,0.40605115519532209,0.40721903330341541,0.0022360679774997899,0.0031622776601683794,5.0000000000000004e-06,1.0000000000000001e-05,optimal,optimal,0.039074000000255182,0.038191100000403821,ok,,0.08895699999993667
462bcfdcb82297d2eb13a0312a855da3ae572f1f3cf94224d9f7657df10d7f92,combined-werner-v1,0.80000000000000004,1.0000000000000001e-05,3,MOSEK,1.0000000000000001e-05,0.43009184450105503,0.42915671232010993,1.2172833200554787,1.2204235315390051,0,1,0.40576110668515958,0.406807843846335,0.0022360679774997899,0.0031622776601683794,5.0000000000000004e-06,1.0000000000000001e-05,optimal,optimal,0.14608660000521922,0.15160449999530101,ok,,0.3101609000004828
6d091ea331be450703cb6533aad6c43d165adf4f7951892993cab06ab841a507,combined-werner-v1,0.80000000000000004,1.0000000000000001e-05,4,MOSEK,1.0000000000000001e-05,0.32387899420509797,0.32335091008106898,1.6264731924808973,1.6288274239863496,0,1,0.40661829812022432,0.4072068559965874,0.0022360679774997899,0.0031622776601683794,5.0000000000000004e-06,1.0000000000000001e-05,optimal,optimal,0.77721690000180388,0.81732039999769768,ok,,1.6071553000001586
97e02e5277f42eabc78e3232460ed60fb3b4b310edb5257dfcf29c2e419d0793,combined-werner-v1,0.80000000000000004,1.0000000000000001e-05,5,MOSEK,1.0000000000000001e-05,0.24398012354104395,0.24356045917509106,2.0351644751188838,2.0376481569726419,0,2,0.40703289502377676,0.40752963139452836,0.0022360679774997899,0.0031622776601683794,5.0000000000000004e-06,1.0000000000000001e-05,optimal,optimal,5.7468425000042771,5.5994891000009375,ok,,11.363546199994744
73071136a580076871f71b1d2f2c17a500769544797ebb5e4f294166bd729f4d,combined-werner-v1,0.80000000000000004,1.0000000000000001e-05,6,MOSEK,1.0000000000000001e-05,0.18068040848158992,0.18008353928034365,2.4684880143560708,2.4732617786289062,0,2,0.41141466905934515,0.41221029643815105,0.0022360679774997899,0.0031622776601683794,5.0000000000000004e-06,1.0000000000000001e-05,optimal,optimal,83.114141599995492,107.47963569999411,ok,,190.61042140000063
17ea38c478ab32ebc0322a224ada0b7db29535d8bb4da963d7b22af5cef7a30f,combined-werner-v1,0.80000000000000004,0,1,MOSEK,1.0000000000000001e-05,0.75599304117933219,0.75599304117933219,0.40355514020592675,0.40355514020592675,,,0.40355514020592675,0.40355514020592675,0,0,0,0,optimal,optimal,0.037668600001779851,0.037091400001372676,ok,,0.10109199999715202
276f2e13f520030e082edcc0832b04b246375945540ed6b986d2955018f67449,combined-werner-v1,0.80000000000000004,0,2,MOSEK,1.0000000000000001e-05,0.57121133801231561,0.57121133801231561,0.80790347908512272,0.80790347908512272,,,0.40395173954256136,0.40395173954256136,0,0,0,0,optimal,optimal,0.092785300003015436,0.092592300003161654,ok,,0.21029010000347625
9c86191c6587a00b5eb46ebc7bbf7c47006782a5454000c7eb725a33601aa5d3,combined-werner-v1,0.80000000000000004,0,3,MOSEK,1.0000000000000001e-05,0.43156200961273466,0.43156200961273466,1.212360224861329,1.212360224861329,,,0.40412007495377633,0.40412007495377633,0,0,0,0,optimal,optimal,0.3625060000049416,0.33537580000120215,ok,,0.72756690000096569
7ffcc955f78f9399355bb3289b6864aab602a2ed16db26f510f2c09113bd65c9,combined-werner-v1,0.80000000000000004,0,4,MOSEK,1.0000000000000001e-05,0.32486434923194535,0.32486434923194535,1.6220906645727646,1.6220906645727646,,,0.40552266614319116,0.40552266614319116,0,0,0,0,optimal,optimal,1.8439855999968131,1.8436560999980429,ok,,3.7165736999959336
b4836863d525139a6f1a8c31fe57676189226db1b2958d66e4a4b06688bfba3f,combined-werner-v1,0.80000000000000004,0,5,MOSEK,1.0000000000000001e-05,0.24326657758429207,0.24326657758429207,2.0393899729900031,2.0393899729900031,,,0.40787799459800061,0.40787799459800061,0,0,0,0,optimal,optimal,12.192678799998248,12.073207000001275,ok,,24.291742499997781
3ef4e437232a235fe368f0a1cd1c8e8ba5744f2891d13b749b94b4e4b0cddfe5,combined-werner-v1,0.80000000000000004,0,6,MOSEK,1.0000000000000001e-05,0.1825208775474253,0.1825208775474253,2.4538665995991189,2.4538665995991189,,,0.40897776659985313,0.40897776659985313,0,0,0,0,optimal,optimal,181.90011080000113,182.83906449999631,ok,,364.77288090000366
6ae08a9c77a1bcdcef56685b6e7d45a81ac7b4cc821ccc2ca0f59e14ba9250c6,combined-werner-v1,0.84999999999999998,0.10000000000000001,1,MOSEK,1.0000000000000001e-05,0.51409455736268195,0.48647136335344776,0.95989435630122766,1.0395732131367601,0,1,0.95989435630122766,1.0395732131367601,0.22360679774997896,0.31622776601683794,0.050000000000000003,0.10000000000000001,optimal,optimal,0.034674499998800457,0.035139699997671414,ok,,0.095612200006144121
9f09d99d7ccf4a3d253a155ebcef8a4caadfa6aa537664c8bd7efc0ae6dfef25,combined-werner-v1,0.84999999999999998,0.10000000000000001,2,MOSEK,1.0000000000000001e-05,0.32018867394412531,0.26330620756077738,1.6430058186810332,1.9251865609261651,0,2,0.82150290934051662,0.96259328046308257,0.22360679774997896,0.31622776601683794,0.050000000000000003,0.10000000000000001,optimal,optimal,0.079308700005640276,0.058406399999512359,ok,,0.16269409999949858
7f0d0fea9fb6b5b48494aa81335c66de923063e606f20558382a8d126a2e376f,combined-werner-v1,0.84999999999999998,0.10000000000000001,3,MOSEK,1.0000000000000001e-05,0.20654313336656727,0.15715665967538128,2.2754849970398401,2.6697246857664685,0,2,0.75849499901327999,0.88990822858882279,0.22360679774997896,0.31622776601683794,0.050000000000000003,0.10000000000000001,optimal,optimal,0.33556609999504872,0.30773950000002515,ok,,0.66900290000194218
4f2bb48e8ad8bb08dc4b989e8e042917d409da6afefb565e51b5b6df2e758d35,combined-werner-v1,0.84999999999999998,0.10000000000000001,4,MOSEK,1.0000000000000001e-05,0.13358276063375832,0.099106290574999589,2.9041942603761033,3.3348795572536853,0,3,0.72604856509402582,0.83371988931342134,0.22360679774997896,0.31622776601683794,0.050000000000000003,0.10000000000000001,optimal,optimal,1.6713403000030667,1.8035675999999512,ok,,3.502580799999123
d91d0335569504120195e59ef61583e53a859ea9b3d3ed607d07673ab1dbad38,combined-werner-v1,0.84999999999999998,0.10000000000000001,5,MOSEK,1.0000000000000001e-05,0.086188521219308659,0.062868669263267923,3.5363604490300053,3.9915149637603511,0,4,0.70727208980600109,0.79830299275207017,0.22360679774997896,0.31622776601683794,0.050000000000000003,0.10000000000000001,optimal,optimal,11.203068100003293,11.242809600000328,ok,,22.47422579999693
440e23e64396fc1d36258400c879728d701cbe379cfe4ea5794b80d431bc7d45,combined-werner-v1,0.84999999999999998,0.10000000000000001,6,MOSEK,1.0000000000000001e-05,0.055533768936627655,0.039842736530558594,4.170490878454018,4.6495394499118303,0,4,0.69508181307566963,0.77492324165197168,0.22360679774997896,0.31622776601683794,0.050000000000000003,0.10000000000000001,optimal,optimal,162.83255230000213,154.39634849999857,ok,,317.26292430000467
da827103aa640b74bd96d4e6cb49180bc2312246f05f6f74e85565b2bba6da44,combined-werner-v1,0.84999999999999998,0.01,1,MOSEK,1.0000000000000001e-05,0.65438798188515412,0.62617629033912325,0.61178184207515518,0.67535921186230874,0,0,0.61178184207515518,0.67535921186230874,0.070710678118654752,0.10000000000000001,0.0050000000000000001,0.01,optimal,optimal,0.03245009999955073,0.030952000000979751,ok,,0.087130399995658081
dfe14d2718500004593663dc5acdb16660ce947c43dd16f2677e8bd98ff8ed6e,combined-werner-v1,0.84999999999999998,0.01,2,MOSEK,1.0000000000000001e-05,0.44792649453847755,0.42179413673842464,1.1586660917685407,1.2453890541824779,0,1,0.57933304588427037,0.62269452709123896,0.070710678118654752,0.10000000000000001,0.0050000000000000001,0.01,optimal,optimal,0.08204939999995986,0.064830899995286018,ok,,0.17175919999863254
51dbfec35bda9d77eabbbece4fb88cea7576a06d8139ceffb34eaaa4881b05b0,combined-werner-v1,0.84999999999999998,0.01,3,MOSEK,1.0000000000000001e-05,0.30876490354621111,0.28473365110787457,1.695419320122719,1.812315087520179,0,1,0.56513977337423971,0.60410502917339304,0.070710678118654752,0.10000000000000001,0.0050000000000000001,0.01,optimal,optimal,0.3159423000033712,0.27554449999297503,ok,,0.61750490000122227
3758306a75916aa680ef63feaf141aa47d254817b3a054a8c702907082d8d847,combined-werner-v1,0.84999999999999998,0.01,4,MOSEK,1.0000000000000001e-05,0.21321373977588023,0.19377355442202254,2.2296276846147398,2.3675564049784064,0,2,0.55740692115368495,0.59188910124460159,0.070710678118654752,0.10000000000000001,0.0050000000000000001,0.01,optimal,optimal,1.6618228000006638,1.7636217000035685,ok,,3.4526201999979094
c2367375abccbb38f624a1fb37a7b6c7be591d245eeaaf8a59f16f963ade29ba,combined-werner-v1,0.84999999999999998,0.01,5,MOSEK,1.0000000000000001e-05,0.14704161294777479,0.13201218278126414,2.7657035976649622,2.9212570196439041,0,2,0.55314071953299249,0.58425140392878083,0.070710678118654752,0.10000000000000001,0.0050000000000000001,0.01,optimal,optimal,12.005533399998967,11.654808499995852,ok,,23.685873400005221
f362bcc1f93b05519e6183ef267d5601b5e98fed6eea092f593885f5ecdee191,combined-werner-v1,0.84999999999999998,0.01,6,MOSEK,1.0000000000000001e-05,0.10121062121717495,0.089908217094277487,3.3045673980043682,3.4754032139747171,0,3,0.55076123300072799,0.57923386899578622,0.070710678118654752,0.10000000000000001,0.0050000000000000001,0.01,optimal,optimal,179.02623850000236,162.29851639999833,ok,,341.35116420000122
a0904ce8c3730a8d4ab88aff564b159ee98f41c777077b7f73baa8c7632c9770,combined-werner-v1,0.84999999999999998,0.001,1,MOSEK,1.0000000000000001e-05,0.6996337048618797,0.69110581534412807,0.51532830210322023,0.53302147604693739,0,0,0.51532830210322023,0.53302147604693739,0.022360679774997897,0.031622776601683791,0.00050000000000000001,0.001,optimal,optimal,0.033255899994401261,0.0312911000000895,ok,,0.088079000001016539
93c4035253a49bf33f157ee60f33c212ecc56e249d45aa624283bcbcde4eb95d,combined-werner-v1,0.84999999999999998,0.001,2,MOSEK,1.0000000000000001e-05,0.49593640727602384,0.48667225253236635,1.0117729557054118,1.0389775727367618,0,1,0.50588647785270591,0.51948878636838092,0.022360679774997897,0.031622776601683791,0.00050000000000000001,0.001,optimal,optimal,0.080828099999052938,0.07748090000677621,ok,,0.18326570000499487
22a51e35bfc6f9e8704950aaae1b9d9baa9724aa13d8dc78e1c2d9ebf04b3cac,combined-werner-v1,0.84999999999999998,0.001,3,MOSEK,1.0000000000000001e-05,0.35166838851130361,0.34314601632895381,1.5077124380238498,1.5431054887293192,0,1,0.50257081267461656,0.51436849624310643,0.022360679774997897,0.031622776601683791,0.00050000000000000001,0.001,optimal,optimal,0.33952799999678973,0.16031530000327621,ok,,0.52644320000399603
1ee409fc83deb3acf004e58e021d3b8cecfadb01222a53a8eedc9cb79a9424ce,combined-werner-v1,0.84999999999999998,0.001,4,MOSEK,1.0000000000000001e-05,0.24926013069964406,0.24174617594862127,2.0042759535011085,2.0484350262135589,0,2,0.50106898837527714,0.51210875655338972,0.022360679774997897,0.031622776601683791,0.00050000000000000001,0.001,optimal,optimal,1.802484200001345,1.8120745999985957,ok,,3.6423865000033402
94c34bbead49a631f1d3e24d736d122790f326075dcc00ff834e5de44c928517,combined-werner-v1,0.84999999999999998,0.001,5,MOSEK,1.0000000000000001e-05,0.17670759519876642,0.17027965011509488,2.5005640441313686,2.5540220640533664,0,2,0.50011280882627374,0.51080441281067324,0.022360679774997897,0.031622776601683791,0.00050000000000000001,0.001,optimal,optimal,12.132649500003026,12.550410199997714,ok,,24.712757000001147
47881cae7b6b356b58d37f35a08af8c3406de72217aaf7f6a4e7de3608c7e975,combined-werner-v1,0.84999999999999998,0.001,6,MOSEK,1.0000000000000001e-05,0.12449629122078337,0.11964273054004128,3.0058253302412452,3.0631953531086373,0,3,0.50097088837354087,0.51053255885143956,0.022360679774997897,0.031622776601683791,0.00050000000000000001,0.001,optimal,optimal,184.16667880000023,188.01071020000381,ok,,372.20814539999992
14a8808f0cecc20a7fb3c2b8e46863f475c9f053ced7e5080b3aec52a6f88c65,combined-werner-v1,0.84999999999999998,0.0001,1,MOSEK,1.0000000000000001e-05,0.71355523923945707,0.71090518335285013,0.48690297591925719,0.49227094098990526,0,0,0.48690297591925719,0.49227094098990526,0.0070710678118654753,0.01,5.0000000000000002e-05,0.0001,optimal,optimal,0.034522800000559073,0.031783200000063516,ok,,0.090059800000744872
827a465b940259ef94cf9867dfe74362aad3000a950ec0bbb747d3244f073d10,combined-werner-v1,0.84999999999999998,0.0001,2,MOSEK,1.0000000000000001e-05,0.51122502362787181,0.50829691748177652,0.96796963931398172,0.97625661316108581,0,0,0.48398481965699086,0.4881283065805429,0.0070710678118654753,0.01,5.0000000000000002e-05,0.0001,optimal,optimal,0.082753500006219838,0.084972099997685291,ok,,0.19368319999921368
bdbe769a97f223c4e7b3bf28ba70f60afb4dd90675e8cdae66944721ff76fa9d,combined-werner-v1,0.84999999999999998,0.0001,3,MOSEK,1.0000000000000001e-05,0.36628690691599247,0.36344079077975594,1.4489539626778192,1.4602077453398117,0,1,0.48298465422593972,0.48673591511327058,0.0070710678118654753,0.01,5.0000000000000002e-05,0.0001,optimal,optimal,0.21900759999698494,0.18291609999869252,ok,,0.42785249999724329
2b021557740ddf5ac4dcd45d56c0c10f77246ee83aa0dd71ff1d22ec84c39a26,combined-werner-v1,0.84999999999999998,0.0001,4,MOSEK,1.0000000000000001e-05,0.26222358907816712,0.25968691898217333,1.9311306217024904,1.9451547508550657,0,1,0.4827826554256226,0.48628868771376643,0.0070710678118654753,0.01,5.0000000000000002e-05,0.0001,optimal,optimal,1.5280335999996169,1.7426684999954887,ok,,3.299892600000021
941412a8e014535b4f6f56fd7882a29d49397a3b6ecf25ca37277229dc8f83da,combined-werner-v1,0.84999999999999998,0.0001,5,MOSEK,1.0000000000000001e-05,0.18773963174146613,0.18550828024839683,2.4131948603739648,2.4304445112397168,0,2,0.48263897207479295,0.48608890224794338,0.0070710678118654753,0.01,5.0000000000000002e-05,0.0001,optimal,optimal,12.445934099996521,12.486290200002259,ok,,24.958839599996281
6845939c5a0dc05bd63fb10613af23247aebc56dc924114d826145018fc144c3,combined-werner-v1,0.84999999999999998,0.0001,6,MOSEK,1.0000000000000001e-05,0.13403011141236684,0.13093435736054915,2.8993709396886174,2.9330843827083912,0,2,0.48322848994810291,0.48884739711806519,0.0070710678118654753,0.01,5.0000000000000002e-05,0.0001,optimal,optimal,205.89435460000095,193.62956120000308,ok,,399.55798150000192
be8ba6f4c310c7b1b925b825993b31cb9ad8d29213ade45d59beb685d9459fdd,combined-werner-v1,0.84999999999999998,1.0000000000000001e-05,1,MOSEK,1.0000000000000001e-05,0.71790699899078225,0.71708416913654593,0.4781311321552742,0.4797856269099055,0,0,0.4781311321552742,0.4797856269099055,0.0022360679774997899,0.0031622776601683794,5.0000000000000004e-06,1.0000000000000001e-05,optimal,optimal,0.033943300004466437,0.032296999997925013,ok,,0.091858199994021561
fadf133deeb6ba7c591f96a71c6cc568d0f6f2d676c4a1b6086a3f330ad0c150,combined-werner-v1,0.84999999999999998,1.0000000000000001e-05,2,MOSEK,1.0000000000000001e-05,0.51606078437448932,0.51513172585540068,0.95438709096180818,0.95698669960432825,0,0,0.47719354548090409,0.47849334980216413,0.0022360679774997899,0.0031622776601683794,5.0000000000000004e-06,1.0000000000000001e-05,optimal,optimal,0.042314800004533026,0.083955000001878943,ok,,0.1508146999985911
76ce8f72e5a40da7304b19c88c1f36e5b9c3af8409e74ff5b5287aa7d1dd5730,combined-werner-v1,0.84999999999999998,1.0000000000000001e-05,3,MOSEK,1.0000000000000001e-05,0.37073441266128526,0.3700216708840065,1.4315420583072578,1.4343183280340341,0,1,0.47718068610241926,0.47810610934467807,0.0022360679774997899,0.0031622776601683794,5.0000000000000004e-06,1.0000000000000001e-05,optimal,optimal,0.35361140000168234,0.34225310000329046,ok,,0.72146719999727793
334f7f92df45b0873154b55121251bef5edeeef1733d51b2a93daab2fd1730c3,combined-werner-v1,0.84999999999999998,1.0000000000000001e-05,4,MOSEK,1.0000000000000001e-05,0.26614792198095405,0.26518733727669402,1.9096997927963328,1.9149162066324532,0,1,0.47742494819908321,0.4787290516581133,0.0022360679774997899,0.0031622776601683794,5.0000000000000004e-06,1.0000000000000001e-05,optimal,optimal,1.824800000002142,1.8214045000058832,ok,,3.6736923999997089
386f75573b0deab6de7b44bffd34f2fa5c1e5c94f58669cce8952b3e7c9b75e0,combined-werner-v1,0.84999999999999998,1.0000000000000001e-05,5,MOSEK,1.0000000000000001e-05,0.18990634593595937,0.18957774035029451,2.3966399793032158,2.3991385176318145,0,2,0.47932799586064317,0.47982770352636289,0.0022360679774997899,0.0031622776601683794,5.0000000000000004e-06,1.0000000000000001e-05,optimal,optimal,12.404034999999567,12.444032399995194,ok,,24.87223599999561
ca17c7925b0cd3d6d5ffa6dcdda6859e8f592d8543d36ba4d67f48ccf3919c2a,combined-werner-v1,0.84999999999999998,1.0000000000000001e-05,6,MOSEK,1.0000000000000001e-05,0.13595602606153384,0.13404252047408646,2.8787879966587937,2.8992373752013232,0,2,0.47979799944313228,0.48320622920022055,0.0022360679774997899,0.0031622776601683794,5.0000000000000004e-06,1.0000000000000001e-05,optimal,optimal,207.5014325000011,198.01929050000035,ok,,405.55523540000286
7cd0f71e5155886ab9fecc7787f7e9ed374e99322cc084af4fb53b34a92a1bcc,combined-werner-v1,0.84999999999999998,0,1,MOSEK,1.0000000000000001e-05,0.71967915868935817,0.71967915868935817,0.47457421517994908,0.47457421517994908,,,0.47457421517994908,0.47457421517994908,0,0,0,0,optimal,optimal,0.034754000000248197,0.032926700005191378,ok,,0.091244900002493523
14d483bd28507d7cceb342f7f733c89deda2c9bb764d3dd780002169188a124e,combined-werner-v1,0.84999999999999998,0,2,MOSEK,1.0000000000000001e-05,0.51793907174317599,0.51793907174317599,0.94914569980163366,0.94914569980163366,,,0.47457284990081683,0.47457284990081683,0,0,0,0,optimal,optimal,0.086192199996730778,0.061677799996687099,ok,,0.17231619999802206
bda07a4d27aa6a371bbc0edce66572e69ef8b2e61f6f1ca66dfaa96d33095047,combined-werner-v1,0.84999999999999998,0,3,MOSEK,1.0000000000000001e-05,0.37261667177943114,0.37261667177943114,1.4242358694660489,1.4242358694660489,,,0.4747452898220163,0.4747452898220163,0,0,0,0,optimal,optimal,0.29319839999516262,0.34918420000030892,ok,,0.66819639999448555
f27db6b1ac3dd340638be24562458a7f037e40e11edb78e5abd29ffb6f829063,combined-werner-v1,0.84999999999999998,0,4,MOSEK,1.0000000000000001e-05,0.26749497447540305,0.26749497447540305,1.9024163075512244,1.9024163075512244,,,0.47560407688780609,0.47560407688780609,0,0,0,0,optimal,optimal,1.8681651000006241,1.8423762999955215,ok,,3.7373927000007825
2b934b63c198ad9903a3691a682303716cad1c6ce025f949c55817a1b2930f30,combined-werner-v1,0.84999999999999998,0,5,MOSEK,1.0000000000000001e-05,0.19213979940619164,0.19213979940619164,2.3797717083213374,2.3797717083213374,,,0.47595434166426748,0.47595434166426748,0,0,0,0,optimal,optimal,12.900844399999187,12.925528300002043,ok,,25.854930800000147
fd80ae8b0e4c4f5604f71c3f50e44a075a99162d32b54b67f7e35bb222ee11f0,combined-werner-v1,0.84999999999999998,0,6,MOSEK,1.0000000000000001e-05,0.13689219534258742,0.13689219534258742,2.8688878985582815,2.8688878985582815,,,0.4781479830930469,0.4781479830930469,0,0,0,0,optimal,optimal,211.57602819999738,213.58364070000243,ok,,425.18504369999573
3153d88c51f19da411531f45a33cd87be58e86248bfca857dc0872583feae60a,combined-werner-v1,0.90000000000000002,0.10000000000000001,1,MOSEK,1.0000000000000001e-05,0.49998663596544773,0.473670137043185,1.000038560968082,1.07804537609827,0,1,1.000038560968082,1.07804537609827,0.22360679774997896,0.31622776601683794,0.050000000000000003,0.10000000000000001,optimal,optimal,0.033509000000776723,0.032385200000135228,ok,,0.090144800000416581
36120fc56f4c031b93c059d95a34e041f7ed396f63c449fbd5f1ef925c6a4490,combined-werner-v1,0.90000000000000002,0.10000000000000001,2,MOSEK,1.0000000000000001e-05,0.27154351311201397,0.24929488560564569,1.8807446956757401,2.0040748092783991,0,2,0.94037234783787005,1.0020374046391995,0.22360679774997896,0.31622776601683794,0.050000000000000003,0.10000000000000001,optimal,optimal,0.082351099998049904,0.091106699997908436,ok,,0.1979503000038676
08e8e3829e68ab92d3c357c7ea57964f69c136cfb51c5d218b579d1f08459dd2,combined-werner-v1,0.90000000000000002,0.10000000000000001,3,MOSEK,1.0000000000000001e-05,0.16472279518520858,0.13135859734501892,2.6018878784688124,2.9284174677609354,0,3,0.86729595948960414,0.97613915592031175,0.22360679774997896,0.31622776601683794,0.050000000000000003,0.10000000000000001,optimal,optimal,0.24518800000078045,0.33294239999668207,ok,,0.60441779999382561
14d7bb5ca0d4c5ed80ff2ad0d636ab6120c19f01a3091408e162d61c67cf8303,combined-werner-v1,0.90000000000000002,0.10000000000000001,4,MOSEK,1.0000000000000001e-05,0.10044158326592501,0.072537516967425095,3.3155714197087649,3.7851288285317879,0,3,0.82889285492719122,0.94628220713294697,0.22360679774997896,0.31622776601683794,0.050000000000000003,0.10000000000000001,optimal,optimal,1.7014953999969293,1.7709417000005487,ok,,3.4993690999981482
04c4d167eeba9969f694b9d3f018f5280fbbf30f94c8b3b5d5174e7b3134720e,combined-werner-v1,0.90000000000000002,0.10000000000000001,5,MOSEK,1.0000000000000001e-05,0.061407835537070972,0.043402761780407591,4.0254334369603768,4.5260693434153714,0,4,0.80508668739207534,0.9052138686830743,0.22360679774997896,0.31622776601683794,0.050000000000000003,0.10000000000000001,optimal,optimal,11.467139399996086,11.181703700000071,ok,,22.675222799996845
2dc0dbed11ab53944423aa92a6f794c1eeca027167e2a706896fc36f0038db2e,combined-werner-v1,0.90000000000000002,0.10000000000000001,6,MOSEK,1.0000000000000001e-05,0.037434179929559712,0.025998856573922511,4.7395000400953062,5.265408014651995,0,5,0.78991667334921767,0.87756800244199917,0.22360679774997896,0.31622776601683794,0.050000000000000003,0.10000000000000001,optimal,optimal,168.67039600000135,155.43788670000504,ok,,324.14337179999711
1c3cb4de2401d74a6a0383b055851c9ab14a34b53529454c37641186cb70073a,combined-werner-v1,0.90000000000000002,0.01,1,MOSEK,1.0000000000000001e-05,0.60933503967396929,0.58047682678437829,0.71469239029389331,0.7846896204762227,0,0,0.71469239029389331,0.7846896204762227,0.070710678118654752,0.10000000000000001,0.0050000000000000001,0.01,optimal,optimal,0.032559899998886976,0.031386100003146566,ok,,0.088874900000519119
62a12ee56afa749f40bf9451ac23dc3191d3d4e37d80359c23b53915cc78bce7,combined-werner-v1,0.90000000000000002,0.01,2,MOSEK,1.0000000000000001e-05,0.3913012347739655,0.36717714555213976,1.3536484321327698,1.4454518319545897,0,1,0.67682421606638488,0.72272591597729485,0.070710678118654752,0.10000000000000001,0.0050000000000000001,0.01,optimal,optimal,0.082820399999036454,0.071340499998768792,ok,,0.1785368999990169
7ac4fee037d0a5b6f9256f0ab70a21b3aaf5446cf066fa515b319c430b3243c7,combined-werner-v1,0.90000000000000002,0.01,3,MOSEK,1.0000000000000001e-05,0.2513282373239058,0.23254556878154894,1.99235532435091,2.1044146457055226,0,2,0.6641184414503033,0.70147154856850757,0.070710678118654752,0.10000000000000001,0.0050000000000000001,0.01,optimal,optimal,0.27802510000037728,0.33226020000438439,ok,,0.63656899999477901
07c27abed3f0882eb60435f9afd2867c27348123c0f00738146902fb94cdd358,combined-werner-v1,0.90000000000000002,0.01,4,MOSEK,1.0000000000000001e-05,0.16230241374831345,0.14707070910770637,2.623243639198475,2.765418149673625,0,2,0.65581090979961876,0.69135453741840625,0.070710678118654752,0.10000000000000001,0.0050000000000000001,0.01,optimal,optimal,1.7942622999980813,1.7838191999981063,ok,,3.6061445000013919
e81c6093311fcbd64bb131212e6629ee553a4ca682e70695b3971093d218356e,combined-werner-v1,0.90000000000000002,0.01,5,MOSEK,1.0000000000000001e-05,0.10502483570150195,0.093250501271309488,3.2511975659809398,3.4227447091286876,0,3,0.650239513196188,0.68454894182573756,0.070710678118654752,0.10000000000000001,0.0050000000000000001,0.01,optimal,optimal,11.839591399999335,11.991677699996217,ok,,23.860484999997425
6e8de714911c28a0003176f2eb644b5ce1217ad649c77039b49d1fed9f47cfc5,combined-werner-v1,0.90000000000000002,0.01,6,MOSEK,1.0000000000000001e-05,0.067931634059955254,0.059565394934074506,3.8797726318958219,4.0693817627157927,0,4,0.64662877198263702,0.67823029378596544,0.070710678118654752,0.10000000000000001,0.0050000000000000001,0.01,optimal,optimal,173.84829919999902,177.09762639999826,ok,,350.97994519999338
4c5d2985bee70d60174eda597e997718a11e73ca52f24386dc96078a724e1bd9,combined-werner-v1,0.90000000000000002,0.001,1,MOSEK,1.0000000000000001e-05,0.65598274011071844,0.64715526311661009,0.60827023901390898,0.62781621504066365,0,0,0.60827023901390898,0.62781621504066365,0.022360679774997897,0.031622776601683791,0.00050000000000000001,0.001,optimal,optimal,0.032625300002109725,0.031534599998849444,ok,,0.088397100000292994
5fc059c76ba96006b3ba6374dc56ec32299819f6b843a8a12bf3ea7c1d70d752,combined-werner-v1,0.90000000000000002,0.001,2,MOSEK,1.0000000000000001e-05,0.4361855988602299,0.42700198903793996,1.1969859562610699,1.2276853047406864,0,1,0.59849297813053493,0.61384265237034319,0.022360679774997897,0.031622776601683791,0.00050000000000000001,0.001,optimal,optimal,0.077086099998268764,0.085882599996693898,ok,,0.1878632000007201
97b119aa4e051124d6bbafcf0f186fae2a19db188e963fbc4c25b58ac207eeb7,combined-werner-v1,0.90000000000000002,0.001,3,MOSEK,1.0000000000000001e-05,0.29032135646180512,0.28246375204322138,1.7842773922708295,1.8238623533870724,0,1,0.5947591307569432,0.60795411779569075,0.022360679774997897,0.031622776601683791,0.00050000000000000001,0.001,optimal,optimal,0.33125409999775002,0.16276479999942239,ok,,0.51947210000071209
47ac350cdd4cd57bdbb941608cc697cdeb80f2b0dafb5f0aaec4628b6dd7c11a,combined-werner-v1,0.90000000000000002,0.001,4,MOSEK,1.0000000000000001e-05,0.19297049492104248,0.18670707027397968,2.3735478177833813,2.4211515339216789,0,2,0.59338695444584533,0.60528788348041973,0.022360679774997897,0.031622776601683791,0.00050000000000000001,0.001,optimal,optimal,1.7259518999999273,1.8443572000032873,ok,,3.5966350999951828
cb4feab81719765c6ff592de78b9b997b8f16a290bf7b722d43c4ddf8e2d5ecf,combined-werner-v1,0.90000000000000002,0.001,5,MOSEK,1.0000000000000001e-05,0.12816268887722038,0.12313497543395338,2.9639517736983763,3.0216874896999877,0,3,0.59279035473967523,0.60433749793999758,0.022360679774997897,0.031622776601683791,0.00050000000000000001,0.001,optimal,optimal,12.336482700004126,11.58028270000068,ok,,23.939308799999708
138a2abd96b85b009d304e661fd4c1386c770904586b3d19f416bca652282644,combined-werner-v1,0.90000000000000002,0.001,6,MOSEK,1.0000000000000001e-05,0.084844357215102403,0.081104260890943067,3.559037476836429,3.6240784799590959,0,3,0.59317291280607154,0.60401307999318266,0.022360679774997897,0.031622776601683791,0.00050000000000000001,0.001,optimal,optimal,190.30226070000208,186.8716643000007,ok,,377.20712079999794
268df08f22a355a85483d149d5f89af70fb9a8f9559c18fad564b9672bd1864f,combined-werner-v1,0.90000000000000002,0.0001,1,MOSEK,1.0000000000000001e-05,0.67043276341503777,0.66768044972602625,0.57683544098521577,0.58277029742454078,0,0,0.57683544098521577,0.58277029742454078,0.0070710678118654753,0.01,5.0000000000000002e-05,0.0001,optimal,optimal,0.032757699998910539,0.031788800006324891,ok,,0.087677000003168359
bcc976f79701c8c017f77e6a685282c6de8006bb7cdb3bc827b27e55e82c63db,combined-werner-v1,0.90000000000000002,0.0001,2,MOSEK,1.0000000000000001e-05,0.45136302616791008,0.44846509342488522,1.1476398512555266,1.1569323984889701,0,1,0.57381992562776329,0.57846619924448506,0.0070710678118654753,0.01,5.0000000000000002e-05,0.0001,optimal,optimal,0.083164900002884679,0.083893099996203091,ok,,0.19126300000061747
3cf1d9f53c87a41e9f358284f7692fb7b6a4cfe66417fe356d8630fb5522aa45,combined-werner-v1,0.90000000000000002,0.0001,3,MOSEK,1.0000000000000001e-05,0.30385948238276833,0.30115013554209136,1.7185237808778857,1.7314451866360265,0,1,0.57284126029262861,0.57714839554534214,0.0070710678118654753,0.01,5.0000000000000002e-05,0.0001,optimal,optimal,0.3386668999955873,0.30395290000160458,ok,,0.66845499999908498
ce5b0a634517c7a17d622157dc4dd2afb91ac765e1d03f3ab9ddb37f4c5b2e3b,combined-werner-v1,0.90000000000000002,0.0001,4,MOSEK,1.0000000000000001e-05,0.20430097683091189,0.20204422576039338,2.2912319927949629,2.307256973684638,0,2,0.57280799819874073,0.5768142434211595,0.0070710678118654753,0.01,5.0000000000000002e-05,0.0001,optimal,optimal,1.691805900001782,1.8205060999971465,ok,,3.5412368999968749
baca38c680662d32b52add47e4395e3836acb01932b03459a8c0a8f5d287a977,combined-werner-v1,0.90000000000000002,0.0001,5,MOSEK,1.0000000000000001e-05,0.13723569557583828,0.1355407848635318,2.8652723135788034,2.8832010642171655,0,2,0.57305446271576066,0.57664021284343314,0.0070710678118654753,0.01,5.0000000000000002e-05,0.0001,optimal,optimal,12.208028299995931,12.168091699997603,ok,,24.401948599996103
e195a248d64b0154864e65637d52b45fb5994a154a44653dfa530f645709f1da,combined-werner-v1,0.90000000000000002,0.0001,6,MOSEK,1.0000000000000001e-05,0.092001365971361965,0.090197917246919709,3.4422009083281155,3.4707620690682548,0,3,0.57370015138801922,0.5784603448447091,0.0070710678118654753,0.01,5.0000000000000002e-05,0.0001,optimal,optimal,204.51263329999347,194.52191760000278,ok,,399.05963369999517
211c5bb5e9ee0276b67c2af67b0e92828a41cc803922f5fdf6472515b91ae1c8,combined-werner-v1,0.90000000000000002,1.0000000000000001e-05,1,MOSEK,1.0000000000000001e-05,0.67495735820673897,0.67410388302498037,0.56713173501563918,0.56895715930163004,0,0,0.56713173501563918,0.56895715930163004,0.0022360679774997899,0.0031622776601683794,5.0000000000000004e-06,1.0000000000000001e-05,optimal,optimal,0.033522800003993325,0.032696700000087731,ok,,0.090036300003703218
baec2f579e64b943c95cdfd2a4185aef0744a1fa52736e5180eca7e9b61b0730,combined-werner-v1,0.90000000000000002,1.0000000000000001e-05,2,MOSEK,1.0000000000000001e-05,0.45610265838218123,0.45525325515576182,1.132569515957617,1.1352587620778123,0,1,0.56628475797880851,0.56762938103890614,0.0022360679774997899,0.0031622776601683794,5.0000000000000004e-06,1.0000000000000001e-05,optimal,optimal,0.08288870000251336,0.091465099998458754,ok,,0.19993380000232719
ca5aabd0bc585fae127fedf81f8f8412ffa0ea8ef4a414ad4daf73a9e22ca09d,combined-werner-v1,0.90000000000000002,1.0000000000000001e-05,3,MOSEK,1.0000000000000001e-05,0.3082628178588166,0.30735898106938769,1.6977672103910197,1.7020034534644717,0,1,0.56592240346367328,0.56733448448815726,0.0022360679774997899,0.0031622776601683794,5.0000000000000004e-06,1.0000000000000001e-05,optimal,optimal,0.34429520000412595,0.33664750000025379,ok,,0.7066558999940753
b2a3ffe73ca65daa0aae80cfa178ac1594a4efc14578af0e7f9e7a004f9de859,combined-werner-v1,0.90000000000000002,1.0000000000000001e-05,4,MOSEK,1.0000000000000001e-05,0.20781889317326538,0.20731163067474967,2.2666012767937231,2.2701270375520011,0,2,0.56665031919843079,0.56753175938800027,0.0022360679774997899,0.0031622776601683794,5.0000000000000004e-06,1.0000000000000001e-05,optimal,optimal,1.8031894999949145,1.8856958000033046,ok,,3.7158089000004111
ae5fe922dd2c8a36f2897c84c7119f37ac8f355914ec202e1c22231d01df70f4,combined-werner-v1,0.90000000000000002,1.0000000000000001e-05,5,MOSEK,1.0000000000000001e-05,0.13954448681115117,0.13889717161190523,2.8412029680278597,2.8479108731276233,0,2,0.56824059360557189,0.56958217462552463,0.0022360679774997899,0.0031622776601683794,5.0000000000000004e-06,1.0000000000000001e-05,optimal,optimal,12.434899200001382,12.361981500005641,ok,,24.825830599998881
5139f1a8257a1a32bb7771bc316ac0b0f0dfd2c382e7f296f562ce82c5f43577,combined-werner-v1,0.90000000000000002,1.0000000000000001e-05,6,MOSEK,1.0000000000000001e-05,0.093106662849719343,0.093022725038191895,3.4249717769176247,3.4262729865118429,0,3,0.57082862948627078,0.57104549775197377,0.0022360679774997899,0.0031622776601683794,5.0000000000000004e-06,1.0000000000000001e-05,optimal,optimal,194.70632589999877,196.3535985999988,ok,,391.0957161999977
2808f485e5bcc948470159770e13962eb6b77658abe4c4454f508cb06eea84ea,combined-werner-v1,0.90000000000000002,0,1,MOSEK,1.0000000000000001e-05,0.67679615058389242,0.67679615058389242,0.5632067320283799,0.5632067320283799,,,0.5632067320283799,0.5632067320283799,0,0,0,0,optimal,optimal,0.035041700000874698,0.033013400003255811,ok,,0.091510099999140948
3be6ee332b49dfba0ee00ad925098314ccbeea734dbd2ee1874ec822723923b2,combined-werner-v1,0.90000000000000002,0,2,MOSEK,1.0000000000000001e-05,0.45780460138215051,0.45780460138215051,1.1271961314305288,1.1271961314305288,,,0.56359806571526438,0.56359806571526438,0,0,0,0,optimal,optimal,0.085316100005002227,0.074416899995412678,ok,,0.18439399999624584
b0e6e39b269c9e78f28cb38774fde3b880ba85995c455a9e0107f3bfe8593012,combined-werner-v1,0.90000000000000002,0,3,MOSEK,1.0000000000000001e-05,0.30934836142753147,0.30934836142753147,1.6926957026576008,1.6926957026576008,,,0.56423190088586694,0.56423190088586694,0,0,0,0,optimal,optimal,0.30358400000113761,0.30891999999585096,ok,,0.63826589999371208
c6ba935f2441c5ea803aefce632869d40ac9ddd30224e42b91443dcda6080d31,combined-werner-v1,0.90000000000000002,0,4,MOSEK,1.0000000000000001e-05,0.20841282389700813,0.20841282389700813,2.2624840437420879,2.2624840437420879,,,0.56562101093552197,0.56562101093552197,0,0,0,0,optimal,optimal,1.7360104999970645,1.8028712000013911,ok,,3.5657916000054684
758459dcc0ad089d71e396b662e4b898bb08025c8568bb2179b487149be1828e,combined-werner-v1,0.90000000000000002,0,5,MOSEK,1.0000000000000001e-05,0.13945102669679851,0.13945102669679851,2.8421695387575872,2.8421695387575872,,,0.56843390775151748,0.56843390775151748,0,0,0,0,optimal,optimal,12.583120100003725,12.544389599999704,ok,,25.151622600002156
1ffced2b97ca9bb7c2b6724c37362b2f8d6fc964fa8f42aa1202fc7ac2f4749f,combined-werner-v1,0.90000000000000002,0,6,MOSEK,1.0000000000000001e-05,0.093690871021205172,0.093690871021205172,3.4159477072483755,3.4159477072483755,,,0.56932461787472921,0.56932461787472921,0,0,0,0,optimal,optimal,196.09841749999759,196.12352520000422,ok,,392.25535220000165
1682bc3141cd9c127724dabbe9fad4662b5c4496de4663e208fc927bcee92330,combined-werner-v1,0.94999999999999996,0.10000000000000001,1,MOSEK,1.0000000000000001e-05,0.48717084900842139,0.4615301411102376,1.0375002860462799,1.1155032259755355,0,1,1.0375002860462799,1.1155032259755355,0.22360679774997896,0.31622776601683794,0.050000000000000003,0.10000000000000001,optimal,optimal,0.033060299996577669,0.031824799996684305,ok,,0.088779499994416256
9c83b2640fa8efcf70c03987e365802780f9ea9bd5f58d99488d12b8d25c04e9,combined-werner-v1,0.94999999999999996,0.10000000000000001,2,MOSEK,1.0000000000000001e-05,0.24982688699700129,0.23667827384010462,2.0009993431222814,2.0790008166210638,0,2,1.0004996715611407,1.0395004083105319,0.22360679774997896,0.31622776601683794,0.050000000000000003,0.10000000000000001,optimal,optimal,0.08818510000128299,0.083768099997541867,ok,,0.1967510000031325
a390597ee9616f0c29fbdc9000744a9f6d4d44ab1660addb317bfc667fc7ba66,combined-werner-v1,0.94999999999999996,0.10000000000000001,3,MOSEK,1.0000000000000001e-05,0.12823269304725002,0.12137243573941489,2.9631639695601355,3.0424872790378186,0,3,0.9877213231867118,1.0141624263459394,0.22360679774997896,0.31622776601683794,0.050000000000000003,0.10000000000000001,optimal,optimal,0.1558424000031664,0.23333570000249892,ok,,0.41499720000138041
2dd4416155c7d0a8763a68f10b7f0f0ecb33aeb1d83c549be1813108e95b31d1,combined-werner-v1,0.94999999999999996,0.10000000000000001,4,MOSEK,1.0000000000000001e-05,0.06780604824126911,0.062240736527583343,3.882442223514758,4.0059970571754775,0,4,0.9706105558786895,1.0014992642938694,0.22360679774997896,0.31622776601683794,0.050000000000000003,0.10000000000000001,optimal,optimal,1.6627538000029745,1.8003173000033712,ok,,3.4901530999995884
6c4c9be6127ec1cf7b5cd733880dfc178bf7addea52d1b3318f3f1923d306f0d,combined-werner-v1,0.94999999999999996,0.10000000000000001,5,MOSEK,1.0000000000000001e-05,0.038487389887949829,0.031918817472248576,4.6994703550352845,4.9694489861632354,0,5,0.93989407100705691,0.99388979723264703,0.22360679774997896,0.31622776601683794,0.050000000000000003,0.10000000000000001,optimal,optimal,11.379638699996576,11.23226589999831,ok,,22.64056900000287
fea0bf4362935efcfa102702c64efcfb09c73e7dbb7f90068dd620855e2ca045,combined-werner-v1,0.94999999999999996,0.10000000000000001,6,MOSEK,1.0000000000000001e-05,0.021884651933494453,0.016384314203077021,5.5139367510943016,5.9315409024006787,0,6,0.91898945851571689,0.98859015040011311,0.22360679774997896,0.31622776601683794,0.050000000000000003,0.10000000000000001,optimal,optimal,149.73635239999567,106.39768399999593,ok,,256.15303599999606
6830fd206f2875522a2b0b2c781a9b6ed1d84f9a56656e9e8c502d890a22ed39,combined-werner-v1,0.94999999999999996,0.01,1,MOSEK,1.0000000000000001e-05,0.55256950996357013,0.52326111377663853,0.85577213649722883,0.93439704603625606,0,0,0.85577213649722883,0.93439704603625606,0.070710678118654752,0.10000000000000001,0.0050000000000000001,0.01,optimal,optimal,0.032576000005064998,0.031864800002949778,ok,,0.08834740000020247
e0ee17a88ac9bd277e355e209031f46ea4708443704d133517f0df3693fa7192,combined-werner-v1,0.94999999999999996,0.01,2,MOSEK,1.0000000000000001e-05,0.32638569794980171,0.30394836490336086,1.6153502543333569,1.7181018370903312,0,1,0.80767512716667844,0.85905091854516558,0.070710678118654752,0.10000000000000001,0.0050000000000000001,0.01,optimal,optimal,0.083451699996658135,0.054810300003737211,ok,,0.16292390000307932
62279293e6983badf42da060365e6fe1b5635dc6d83ec7642c35985b4214d8f8,combined-werner-v1,0.94999999999999996,0.01,3,MOSEK,1.0000000000000001e-05,0.19321494596494126,0.17791717279111932,2.3717213980454153,2.4907223268068228,0,2,0.79057379934847172,0.83024077560227427,0.070710678118654752,0.10000000000000001,0.0050000000000000001,0.01,optimal,optimal,0.30226959999708924,0.33689379999850644,ok,,0.66534959999989951
183463a100769ce73bd312d83b889cc2cdccdf9cfbea634b8cc0d04fdd8c30d4,combined-werner-v1,0.94999999999999996,0.01,4,MOSEK,1.0000000000000001e-05,0.11415992958236766,0.10416366048927535,3.1308717448629428,3.2630760416078455,0,3,0.78271793621573571,0.81576901040196137,0.070710678118654752,0.10000000000000001,0.0050000000000000001,0.01,optimal,optimal,1.7758978999991086,1.8304992999983369,ok,,3.6335839999956079
f538993991b7267e233f5e806f282a8552a04b00920b008d41edb8b41b56ec5d,combined-werner-v1,0.94999999999999996,0.01,5,MOSEK,1.0000000000000001e-05,0.067296883104003821,0.060858476376412923,3.8933165026884557,4.0383979740902838,0,4,0.77866330053769117,0.80767959481805673,0.070710678118654752,0.10000000000000001,0.0050000000000000001,0.01,optimal,optimal,8.3974859000009019,5.8037670999983675,ok,,14.225685199999134
59774fc537d5d85d3ac5796a22752e40c7bd6f8b0b40af9317ce109f9143b572,combined-werner-v1,0.94999999999999996,0.01,6,MOSEK,1.0000000000000001e-05,0.039603153412015479,0.035460134245226392,4.6582408799055033,4.817658191762721,0,4,0.77637347998425055,0.80294303196045347,0.070710678118654752,0.10000000000000001,0.0050000000000000001,0.01,optimal,optimal,154.84435780000058,154.30828479999764,ok,,309.17898680000508
0e1ed30882f28f3dcba7fc104924b8d079ede16dd77b1f69aad1795096f16b6b,combined-werner-v1,0.94999999999999996,0.001,1,MOSEK,1.0000000000000001e-05,0.60038712117993598,0.59129393451783818,0.73603506464614632,0.75805261684774883,0,0,0.73603506464614632,0.75805261684774883,0.022360679774997897,0.031622776601683791,0.00050000000000000001,0.001,optimal,optimal,0.032569200004218146,0.032180100002733525,ok,,0.088313799999014009
2e586dad71461fc8a21fdc136fbd4950cbedb32c04a60ec85c323d35b4fbfb6b,combined-werner-v1,0.94999999999999996,0.001,2,MOSEK,1.0000000000000001e-05,0.36547987455044906,0.3574089294207205,1.4521361297100959,1.4843524161037498,0,1,0.72606806485504793,0.7421762080518749,0.022360679774997897,0.031622776601683791,0.00050000000000000001,0.001,optimal,optimal,0.054058699999586679,0.0827486999987741,ok,,0.16179619999456918
5d8143f4dedfffa8485b6bdc15d9773d9fdeaa3cfebf385b9795867994437ea7,combined-werner-v1,0.94999999999999996,0.001,3,MOSEK,1.0000000000000001e-05,0.22299650580947208,0.21601295588184297,2.1649069905303073,2.2108102508970249,0,2,0.72163566351010244,0.73693675029900829,0.022360679774997897,0.031622776601683791,0.00050000000000000001,0.001,optimal,optimal,0.34375590000126977,0.32792229999904521,ok,,0.69781199999852106
4b122cffd8b41597053b471a21c36158db18e64590faf6733b219b23669fa897,combined-werner-v1,0.94999999999999996,0.001,4,MOSEK,1.0000000000000001e-05,0.13607270868097285,0.13099070049461384,2.8775503520628591,2.932463701647765,0,2,0.71938758801571479,0.73311592541194126,0.022360679774997897,0.031622776601683791,0.00050000000000000001,0.001,optimal,optimal,1.8496346000029007,1.819387799994729,ok,,3.6963026000012178
4b40680a24970fbd12bd7d799f682f83bbc921cb112b3051bb28fa67cb56faeb,combined-werner-v1,0.94999999999999996,0.001,5,MOSEK,1.0000000000000001e-05,0.082984829964120752,0.079440376948799171,3.591008560975661,3.6539837212277608,0,3,0.71820171219513218,0.73079674424555219,0.022360679774997897,0.031622776601683791,0.00050000000000000001,0.001,optimal,optimal,12.325754499994218,12.466635400000087,ok,,24.821823400001449
bbe41ad1f242c2fb0accf972ad3ca16ba19da4c0c2f7162dfe650b2290276829,combined-werner-v1,0.94999999999999996,0.001,6,MOSEK,1.0000000000000001e-05,0.050476767524692628,0.048079713797683013,4.3082366650607291,4.3784278815769646,0,4,0.71803944417678822,0.72973798026282743,0.022360679774997897,0.031622776601683791,0.00050000000000000001,0.001,optimal,optimal,163.90319160000217,173.65224229999876,ok,,337.59131720000005
8526f3f61a129576a8a6bfd41ae089f2c1971caecec707e2467809a7f4cd53fd,combined-werner-v1,0.94999999999999996,0.0001,1,MOSEK,1.0000000000000001e-05,0.61531769303428552,0.61245961142353778,0.7005966180548735,0.70731338598877413,0,0,0.7005966180548735,0.70731338598877413,0.0070710678118654753,0.01,5.0000000000000002e-05,0.0001,optimal,optimal,0.040607000002637506,0.033658200001809746,ok,,0.10124500000529224
9f5f362898a0fa50830d4c470266764ca21cb0f9dfd0b2fa670f13c928b52eb9,combined-werner-v1,0.94999999999999996,0.0001,2,MOSEK,1.0000000000000001e-05,0.38023725398208624,0.37739435093473356,1.3950282070297306,1.4058552669130777,0,1,0.69751410351486531,0.70292763345653886,0.0070710678118654753,0.01,5.0000000000000002e-05,0.0001,optimal,optimal,0.085859899998467881,0.085419499999261461,ok,,0.19677390000288142
8d0682837b4b3acf3d180b47a829ae5f5f41d3564e8ef77cb974d79e2c791f78,combined-werner-v1,0.94999999999999996,0.0001,3,MOSEK,1.0000000000000001e-05,0.23488197611449152,0.23260311426678187,2.0899920838271466,2.1040576820523071,0,2,0.69666402794238225,0.70135256068410234,0.0070710678118654753,0.01,5.0000000000000002e-05,0.0001,optimal,optimal,0.39871359999960987,0.27779350000491831,ok,,0.70281059999979334
840dcc82a404357d8805c4236528c36cf421ad5d7639c15ae7d7a929c587462f,combined-werner-v1,0.94999999999999996,0.0001,4,MOSEK,1.0000000000000001e-05,0.14494020573227467,0.14323928379737089,2.7864702476480017,2.8035008846360059,0,2,0.69661756191200042,0.70087522115900147,0.0070710678118654753,0.01,5.0000000000000002e-05,0.0001,optimal,optimal,1.2967292999965139,2.0951926999987336,ok,,3.4205641000007745
1dc5c8ba3e85b0fab6e9a0d846f48cd3b80af612d7743f68eb2384ab5b1cae1a,combined-werner-v1,0.94999999999999996,0.0001,5,MOSEK,1.0000000000000001e-05,0.089107119500782317,0.088015411390683099,3.4883154846478051,3.5061000297721701,0,3,0.69766309692956097,0.70122000595443401,0.0070710678118654753,0.01,5.0000000000000002e-05,0.0001,optimal,optimal,12.880131400001119,12.79097489999549,ok,,25.70092950000253
d09667de2639b9d704167a0100dea9b36c111859f3d15a7a83dd172ff8f650e5,combined-werner-v1,0.94999999999999996,0.0001,6,MOSEK,1.0000000000000001e-05,0.054370403547524912,0.053829231641667599,4.20103465364069,4.2154663572962061,0,4,0.70017244227344833,0.70257772621603432,0.0070710678118654753,0.01,5.0000000000000002e-05,0.0001,optimal,optimal,183.01064160000533,182.17200700000103,ok,,365.22018399999797
a695d506b4c57689c7a3aa5749ff07a71030222e114d5989d7d20b3140d64b60,combined-werner-v1,0.94999999999999996,1.0000000000000001e-05,1,MOSEK,1.0000000000000001e-05,0.62000429582195771,0.61911796503719652,0.68964988335629407,0.69171377210437279,0,0,0.68964988335629407,0.69171377210437279,0.0022360679774997899,0.0031622776601683794,5.0000000000000004e-06,1.0000000000000001e-05,optimal,optimal,0.038337300000421237,0.034438900001987349,ok,,0.098267900000791997
b682099af4402f345676478de4df968139dc724b4e5e3a51742630b8844023d5,combined-werner-v1,0.94999999999999996,1.0000000000000001e-05,2,MOSEK,1.0000000000000001e-05,0.38491355872095556,0.3840356741508299,1.3773936033827887,1.3806877617274858,0,1,0.68869680169139436,0.69034388086374288,0.0022360679774997899,0.0031622776601683794,5.0000000000000004e-06,1.0000000000000001e-05,optimal,optimal,0.098430400001234375,0.090597000002162531,ok,,0.21504239999921992
69034016ee2602c7a776507f8b52968f7d30fabfefe95ee69d737d9ff07ffdc0,combined-werner-v1,0.94999999999999996,1.0000000000000001e-05,3,MOSEK,1.0000000000000001e-05,0.23884548166465452,0.23805061536711536,2.0658505098581834,2.070659736583583,0,2,0.68861683661939443,0.69021991219452772,0.0022360679774997899,0.0031622776601683794,5.0000000000000004e-06,1.0000000000000001e-05,optimal,optimal,0.33657639999728417,0.35724910000135424,ok,,0.72075790000235429
8b2f5332e8facc0eaeac5586bb193741be1927219c42cd3c44dd468628b3a667,combined-werner-v1,0.94999999999999996,1.0000000000000001e-05,4,MOSEK,1.0000000000000001e-05,0.14821963006202202,0.14718075000190214,2.7541915654777624,2.7643391034712215,0,2,0.68854789136944061,0.69108477586780537,0.0022360679774997899,0.0031622776601683794,5.0000000000000004e-06,1.0000000000000001e-05,optimal,optimal,1.947880300001998,1.8032288000031258,ok,,3.7805353000003379
d2edcec564640906a9f3f86c1012bfc0dc47a0855b183edf84feb1f0a14514db,combined-werner-v1,0.94999999999999996,1.0000000000000001e-05,5,MOSEK,1.0000000000000001e-05,0.091593707323722545,0.091155029202095908,3.4486077041676264,3.4555339349939498,0,3,0.68972154083352533,0.69110678699878991,0.0022360679774997899,0.0031622776601683794,5.0000000000000004e-06,1.0000000000000001e-05,optimal,optimal,11.006265799995163,12.616679099999601,ok,,23.64929509999638
d4cd032e8369312d973d0183f74ded80b671016896b128eb1739677bcc64ede9,combined-werner-v1,0.94999999999999996,1.0000000000000001e-05,6,MOSEK,1.0000000000000001e-05,0.056116070513482372,0.055138613873303911,4.1554422009379595,4.1807931898050432,0,4,0.69257370015632658,0.6967988649675072,0.0022360679774997899,0.0031622776601683794,5.0000000000000004e-06,1.0000000000000001e-05,optimal,optimal,191.53176360000361,171.50471000000107,ok,,363.06993589999911
e36cbcafe42cd3b4e9aac263e3b6a20bd154e2d2b488c63dbdcf2a3d20c5de9a,combined-werner-v1,0.94999999999999996,0,1,MOSEK,1.0000000000000001e-05,0.62201133298669364,0.62201133298669364,0.68498722852705951,0.68498722852705951,,,0.68498722852705951,0.68498722852705951,0,0,0,0,optimal,optimal,0.035202599996409845,0.033823799996753223,ok,,0.092397500004153699
e640f52b90d807d7f1d82e02e0c324e667fc48029ab1068260fa8c6ac3c7d47f,combined-werner-v1,0.94999999999999996,0,2,MOSEK,1.0000000000000001e-05,0.38667880083118417,0.38667880083118417,1.3707924222020154,1.3707924222020154,,,0.68539621110100768,0.68539621110100768,0,0,0,0,optimal,optimal,0.097521600000618491,0.05850530000316212,ok,,0.18137189999833936
abbf05ed1cf401e14e40803f45bc5e387b4d3a2e30144381149511932809a493,combined-werner-v1,0.94999999999999996,0,3,MOSEK,1.0000000000000001e-05,0.24003460207464353,0.24003460207464353,2.0586857030402128,2.0586857030402128,,,0.6862285676800709,0.6862285676800709,0,0,0,0,optimal,optimal,0.28115199999592733,0.34423599999718135,ok,,0.65157220000401139
87c7ac8fa55b6e604e3628d06efd57c403cace89b601f5b15feba070c4083070,combined-werner-v1,0.94999999999999996,0,4,MOSEK,1.0000000000000001e-05,0.14903500114657239,0.14903500114657239,2.7462769048000339,2.7462769048000339,,,0.68656922620000849,0.68656922620000849,0,0,0,0,optimal,optimal,1.7774520999955712,1.8825442000015755,ok,,3.6867242000007536
68cb88cf82b530c9d6a9b125d08d60bbeca7d7c3fde60c594a7cdf83cd50a7de,combined-werner-v1,0.94999999999999996,0,5,MOSEK,1.0000000000000001e-05,0.091359963455268159,0.091359963455268159,3.4522941161636576,3.4522941161636576,,,0.69045882323273156,0.69045882323273156,0,0,0,0,optimal,optimal,12.700878600000578,12.63220359999832,ok,,25.362236900000426
13a12a5e7a534ec8af98e8265e257ab5c4c95cce9aad5869b4d4a58773ad3a57,combined-werner-v1,0.94999999999999996,0,6,MOSEK,1.0000000000000001e-05,0.055693861790198529,0.055693861790198529,4.1663378577717793,4.1663378577717793,,,0.69438964296196326,0.69438964296196326,0,0,0,0,optimal,optimal,191.57855120000022,173.66614259999915,ok,,365.27822059999744
4ad03f87d1cd588e5ad162c18bfdbd5f5c6c55cb0fc2a43611500334023f9424,combined-werner-v1,1,0.10000000000000001,1,MOSEK,1.0000000000000001e-05,0.47499999638986712,0.44999999751501785,1.0740005924086629,1.1520031014118755,0,1,1.0740005924086629,1.1520031014118755,0.22360679774997896,0.31622776601683794,0.050000000000000003,0.10000000000000001,optimal,optimal,0.032014700002036989,0.031007300000055693,ok,,0.086969799995131325
5b00d5183097250e163632df93e9141b1cccde423d1267771603e1b07464f27f,combined-werner-v1,1,0.10000000000000001,2,MOSEK,1.0000000000000001e-05,0.23749999889228116,0.22499999460247047,2.0740005881726211,2.1520031280538907,0,2,1.0370002940863106,1.0760015640269454,0.22360679774997896,0.31622776601683794,0.050000000000000003,0.10000000000000001,optimal,optimal,0.089559100000769831,0.085620999998354819,ok,,0.20092740000109188
6ab2a804c19adbb6c800168ad7377f884073c3a5a42f2016fd32158f1d0015fc,combined-werner-v1,1,0.10000000000000001,3,MOSEK,1.0000000000000001e-05,0.11875000574166523,0.11250000763033027,3.074000511688225,3.1520029955940343,0,3,1.0246668372294083,1.0506676651980114,0.22360679774997896,0.31622776601683794,0.050000000000000003,0.10000000000000001,optimal,optimal,0.33030340000550495,0.30317559999821242,ok,,0.659640899997612
d9b8ed97138b27f2e8b3d3cf7174aee2ed13a59cf6c4ab1d16a0eda039da74cd,combined-werner-v1,1,0.10000000000000001,4,MOSEK,1.0000000000000001e-05,0.059375006869745652,0.056250000023875299,4.0740004145225575,4.1520030928326985,0,4,1.0185001036306394,1.0380007732081746,0.22360679774997896,0.31622776601683794,0.050000000000000003,0.10000000000000001,optimal,optimal,1.735368000001472,1.6747411999967881,ok,,3.4372720999963349
63c55c0ad9addfae3f3032489dddbcea3c20acffec8be7063741d402a4057d45,combined-werner-v1,1,0.10000000000000001,5,MOSEK,1.0000000000000001e-05,0.029687539887353211,0.028125124609656636,5.0739986430775277,5.1519967015042347,0,5,1.0147997286155055,1.0303993403008469,0.22360679774997896,0.31622776601683794,0.050000000000000003,0.10000000000000001,optimal,optimal,10.808088700003282,10.760674199998903,ok,,21.594911300002423
d63856f299dfc89b140eb6cc642655484dc25f031a335883da7730c3b1551552,combined-werner-v1,1,0.10000000000000001,6,MOSEK,1.0000000000000001e-05,0.014843750927275579,0.01406263965205516,6.0740004913199312,6.1519887663817947,0,6,1.0123334152199885,1.0253314610636324,0.22360679774997896,0.31622776601683794,0.050000000000000003,0.10000000000000001,optimal,optimal,122.34160169999814,125.79677900000388,ok,,248.17204360000324
b1bf5ec06c50dcc711797bca5aa712c068408fae0f41487ae5662e032b01807d,combined-werner-v1,1,0.01,1,MOSEK,1.0000000000000001e-05,0.49749999938400619,0.49499999423687818,1.0072315710173898,1.0144995864919379,0,1,1.0072315710173898,1.0144995864919379,0.070710678118654752,0.10000000000000001,0.0050000000000000001,0.01,optimal,optimal,0.031735500000650063,0.031331500002124812,ok,,0.087246999995841179
d52709afe06e9884c734db85162d984edcf0981fa539bd6291fc99e1e9012545,combined-werner-v1,1,0.01,2,MOSEK,1.0000000000000001e-05,0.24874999937632328,0.24749999951106244,2.007231572848263,2.0144995725451667,0,2,1.0036157864241315,1.0072497862725833,0.070710678118654752,0.10000000000000001,0.0050000000000000001,0.01,optimal,optimal,0.080913300000247546,0.080151399997703265,ok,,0.18559490000188816
b8db576633bc86ac807d9f0d9407868ccad923d3cce4ff8be0d2abfcce311487,combined-werner-v1,1,0.01,3,MOSEK,1.0000000000000001e-05,0.12437498185370788,0.12374998596184253,3.0072317797200614,3.0144997333539538,0,3,1.0024105932400205,1.0048332444513179,0.070710678118654752,0.10000000000000001,0.0050000000000000001,0.01,optimal,optimal,0.32702229999995325,0.33666320000338601,ok,,0.68936679999751505
a0d6857daaa40e8bebdd68609502fe6a238b67a05fa3b1f1296cc42ba14088c9,combined-werner-v1,1,0.01,4,MOSEK,1.0000000000000001e-05,0.062187493048978602,0.061874998025949007,4.0072317304886385,4.0144996157226487,0,4,1.0018079326221596,1.0036249039306622,0.070710678118654752,0.10000000000000001,0.0050000000000000001,0.01,optimal,optimal,1.6353328999975929,1.789102599999751,ok,,3.4518825999984983
be1fa44e21e99f4a86c449004db14fc72270edc0b96cdbf0fbbf7e02ec4dcb04,combined-werner-v1,1,0.01,5,MOSEK,1.0000000000000001e-05,0.031093750000023901,0.030937500004185568,5.0072315692299671,5.0144995694999315,0,5,1.0014463138459935,1.0028999138999863,0.070710678118654752,0.10000000000000001,0.0050000000000000001,0.01,optimal,optimal,10.844541100006609,10.755897299997741,ok,,21.629657299999963
8cb01a170b99e19ac58052479699ef9035b69217b17202e43b112a74f1206348,combined-werner-v1,1,0.01,6,MOSEK,1.0000000000000001e-05,0.015546875036157922,0.015468781453143289,6.0072315658757489,6.0144966362164753,0,6,1.0012052609792914,1.0024161060360792,0.070710678118654752,0.10000000000000001,0.0050000000000000001,0.01,optimal,optimal,120.49286540000321,110.07020280000143,ok,,230.59696059999987
8a6c97409c0e7f571af6d23c6f0dc364904f7d35b6615b031529beaabb918c43,combined-werner-v1,1,0.001,1,MOSEK,1.0000000000000001e-05,0.49974999831981726,0.49949999743320916,1.0007215327678673,1.0014434242832753,0,1,1.0007215327678673,1.0014434242832753,0.022360679774997897,0.031622776601683791,0.00050000000000000001,0.001,optimal,optimal,0.032084799997392111,0.031161099999735598,ok,,0.087163199998030905
68f668299b5382c89c910e5a701a2fb36991d9e93c413f910afbbc5ba5d88252,combined-werner-v1,1,0.001,2,MOSEK,1.0000000000000001e-05,0.24987499851522088,0.24974999353566882,2.0007215364900794,2.0014434542112451,0,2,1.0003607682450397,1.0007217271056226,0.022360679774997897,0.031622776601683791,0.00050000000000000001,0.001,optimal,optimal,0.081894399998418521,0.080886199997621588,ok,,0.1873489999998128
a7c08a384886a61b0757c7e82ddfa3346a0de0cda623e4f26f5a806d428e9f11,combined-werner-v1,1,0.001,3,MOSEK,1.0000000000000001e-05,0.1249374938738157,0.12487499619287483,3.0007215986585574,3.0014434608538183,0,3,1.0002405328861859,1.0004811536179394,0.022360679774997897,0.031622776601683791,0.00050000000000000001,0.001,optimal,optimal,0.30195980000280542,0.30513920000521466,ok,,0.63345370000024559
7bde8bef039a656466bee3f73dd480f7242a080fb6ee10c857c7ac2a01be83a2,combined-werner-v1,1,0.001,4,MOSEK,1.0000000000000001e-05,0.062468749826232371,0.062437499829599424,4.0007215319305649,4.0014434208069831,0,4,1.0001803829826412,1.0003608552017458,0.022360679774997897,0.031622776601683791,0.00050000000000000001,0.001,optimal,optimal,1.7375526000032551,1.7721250999966287,ok,,3.5369606999956886
65964c140b43459eec8bfa9a0d6304091e8065caab8583496a0608268c4a05a6,combined-werner-v1,1,0.001,5,MOSEK,1.0000000000000001e-05,0.031234374998610818,0.031218749998778883,5.0007215279816251,5.0014434169260999,0,5,1.0001443055963251,1.00028868338522,0.022360679774997897,0.031622776601683791,0.00050000000000000001,0.001,optimal,optimal,10.882948600003147,10.795163800001319,ok,,21.706478399995831
81297f78e5e2bb12ad832f7fcd87f3ac9ed46b034d84371235d5a2c6d4889c0d,combined-werner-v1,1,0.001,6,MOSEK,1.0000000000000001e-05,0.015617154550227361,0.015609370689513132,6.0007245717769075,6.0014438152660743,0,6,1.0001207619628179,1.000240635877679,0.022360679774997897,0.031622776601683791,0.00050000000000000001,0.001,optimal,optimal,122.11995030000253,121.69320049999806,ok,,243.84201380000013
1c8cc9b5f9d790e6faf1fe02bdb52072d899512da3f8034936945feef2b15796,combined-werner-v1,1,0.0001,1,MOSEK,1.0000000000000001e-05,0.49997497149636422,0.49994994441344814,1.0000722188036961,1.00014443712298,0,1,1.0000722188036961,1.00014443712298,0.0070710678118654753,0.01,5.0000000000000002e-05,0.0001,optimal,optimal,0.036795500003790949,0.03190080000058515,ok,,0.094509399998059962
0241811ca2f8b67b8ca2779a2fedfa611dedb802a3250fdb9bc1f14805cced62,combined-werner-v1,1,0.0001,2,MOSEK,1.0000000000000001e-05,0.2499874673624253,0.24997499848050542,2.0000723249091719,2.000144285487591,0,2,1.0000361624545859,1.0000721427437955,0.0070710678118654753,0.01,5.0000000000000002e-05,0.0001,optimal,optimal,0.086034100000688341,0.090289699997811113,ok,,0.20234550000168383
92e762417c9408e4266f882d793215fe10a177b9686e34d31ebdcd8e07bab239,combined-werner-v1,1,0.0001,3,MOSEK,1.0000000000000001e-05,0.12499374758169304,0.12498749571033076,3.0000721644679049,3.0001443262324736,0,3,1.0000240548226349,1.0000481087441579,0.0070710678118654753,0.01,5.0000000000000002e-05,0.0001,optimal,optimal,0.3243508000014117,0.31853380000393372,ok,,0.67060620000120252
383bddda79408b1922ddab821e698c516152434096163e4ee6cec81f03c6cca1,combined-werner-v1,1,0.0001,4,MOSEK,1.0000000000000001e-05,0.062496806393495398,0.062493748780961679,4.0000737202877525,4.0001443048600684,0,4,1.0000184300719381,1.0000360762150171,0.0070710678118654753,0.01,5.0000000000000002e-05,0.0001,optimal,optimal,1.8009021999969264,1.5849741999991238,ok,,3.4144547000032617
6f21ffc0665852a0b2212c7287a4d2e427fedb81e089da46c0d9e34bab88ac65,combined-werner-v1,1,0.0001,5,MOSEK,1.0000000000000001e-05,0.031248437792170278,0.03124687039389917,5.0000721230663956,5.0001444893856899,0,5,1.0000144246132792,1.0000288978771379,0.0070710678118654753,0.01,5.0000000000000002e-05,0.0001,optimal,optimal,11.010985399996571,10.93361189999996,ok,,21.974025000003166
43b6f4f1616f3372ece513cc722e012013a17419554c3a2b1bd7ebddee84464f,combined-werner-v1,1,0.0001,6,MOSEK,1.0000000000000001e-05,0.015624160817402045,0.015623337610683727,6.0000774858934509,6.0001535006984854,0,6,1.0000129143155752,1.0000255834497476,0.0070710678118654753,0.01,5.0000000000000002e-05,0.0001,optimal,optimal,123.24356590000389,124.74382360000163,ok,,248.02255570000125
4176cb20f3e593626cbf58465bfbbd1df619e095e86a048cdbdffc3180dbecf5,combined-werner-v1,1,1.0000000000000001e-05,1,MOSEK,1.0000000000000001e-05,0.49999749900053514,0.49999498690463878,1.0000072163770986,1.0000144648081479,0,1,1.0000072163770986,1.0000144648081479,0.0022360679774997899,0.0031622776601683794,5.0000000000000004e-06,1.0000000000000001e-05,optimal,optimal,0.036473000000114553,0.034042700004647486,ok,,0.095548600002075545
df2355ceef6526540f169eb5637b6dccbbcdeea6f28fd02e18a9b1403ebc3340,combined-werner-v1,1,1.0000000000000001e-05,2,MOSEK,1.0000000000000001e-05,0.24999874065068334,0.24999749173478569,2.0000072674463603,2.0000144747197566,0,2,1.0000036337231801,1.0000072373598783,0.0022360679774997899,0.0031622776601683794,5.0000000000000004e-06,1.0000000000000001e-05,optimal,optimal,0.066074199996364769,0.053594999997585546,ok,,0.14553760000126204
5199e54b35429ad5f46bd4229bf2d76e8335c90fc6f3a683699921824f347894,combined-werner-v1,1,1.0000000000000001e-05,3,MOSEK,1.0000000000000001e-05,0.12499937398938747,0.12499874938224625,3.0000072251573422,3.0000144341524577,0,3,1.0000024083857808,1.0000048113841526,0.0022360679774997899,0.0031622776601683794,5.0000000000000004e-06,1.0000000000000001e-05,optimal,optimal,0.32524650000414113,0.26354929999797605,ok,,0.6160851000022376
3a94d3dbf9a0682564b610b26879f1515cfc7dbc889b0b251ddca7fc1bb3c5fe,combined-werner-v1,1,1.0000000000000001e-05,4,MOSEK,1.0000000000000001e-05,0.062499698448940141,0.062499370008499235,4.0000069607562905,4.0000145422431155,0,4,1.0000017401890726,1.0000036355607789,0.0022360679774997899,0.0031622776601683794,5.0000000000000004e-06,1.0000000000000001e-05,optimal,optimal,1.8204478999978164,1.7886911000023247,ok,,3.6368337000021711
1f678f7bfd87efa2bd4b1d7bf34767e48aeb1cfe9b5d960efc1ca912c672086b,combined-werner-v1,1,1.0000000000000001e-05,5,MOSEK,1.0000000000000001e-05,0.031249813249090722,0.031249625563765922,5.0000086216133042,5.0000172864170995,0,5,1.0000017243226609,1.00000345728342,0.0022360679774997899,0.0031622776601683794,5.0000000000000004e-06,1.0000000000000001e-05,optimal,optimal,11.075436499995703,10.959859000002325,ok,,22.057952000002842
ece1093dc2bc9a429b2ec24e2b42e0e5f91e3013f2055a18820349397e4e98c4,combined-werner-v1,1,1.0000000000000001e-05,6,MOSEK,1.0000000000000001e-05,0.015624918220389826,0.015624833889400606,6.0000075509341952,6.000015337485558,0,6,1.0000012584890325,1.0000025562475929,0.0022360679774997899,0.0031622776601683794,5.0000000000000004e-06,1.0000000000000001e-05,optimal,optimal,124.70675910000136,124.36462689999462,ok,,249.1057942999978
64756b86f5a6fc7919ffc396de1b6d10038b543085351b260eb62db673cceb98,combined-werner-v1,1,0,1,MOSEK,1.0000000000000001e-05,0.49999999364271125,0.49999999364271125,1.000000018343258,1.000000018343258,,,1.000000018343258,1.000000018343258,0,0,0,0,optimal,optimal,0.036172399995848536,0.03315390000352636,ok,,0.09410070000012638
e05438bf9c4405651aa23fccc6a671274d57878c91f203620f5e5cd8d7bcbd52,combined-werner-v1,1,0,2,MOSEK,1.0000000000000001e-05,0.24999998390701594,0.24999998390701594,2.000000092869076,2.000000092869076,,,1.000000046434538,1.000000046434538,0,0,0,0,optimal,optimal,0.088524700004199985,0.087942199999815784,ok,,0.20308279999881051
342e89aff8712494d54a46e9d2b232fe62c90fecd20fbb6fe778955c27626a91,combined-werner-v1,1,0,3,MOSEK,1.0000000000000001e-05,0.12499992095053181,0.12499992095053181,3.0000009123544946,3.0000009123544946,,,1.0000003041181649,1.0000003041181649,0,0,0,0,optimal,optimal,0.15770250000059605,0.28158769999572542,ok,,0.46617070000502281
97136cfb7cbfcdbc56bb97491b0ab0e8d643c724a803d3755222cf96b3d1460d,combined-werner-v1,1,0,4,MOSEK,1.0000000000000001e-05,0.062500018207144264,0.062500018207144264,3.9999995797223535,3.9999995797223535,,,0.99999989493058838,0.99999989493058838,0,0,0,0,optimal,optimal,1.8141587999998592,1.8104125000027125,ok,,3.6519569000010961
0c12fda7e911cd7e071015974c2738bb551e60be32eec04e3dab6a1ba4ca8ef0,combined-werner-v1,1,0,5,MOSEK,1.0000000000000001e-05,0.031250000480099113,0.031250000480099113,4.9999999778356283,4.9999999778356283,,,0.99999999556712571,0.99999999556712571,0,0,0,0,optimal,optimal,11.088860900003056,11.053563500005112,ok,,22.167467700004636
d24de8c164195bd0b97931533638c330ee86441ce744d22c4614563300526d2d,combined-werner-v1,1,0,6,MOSEK,1.0000000000000001e-05,0.015624997804605998,0.015624997804605998,6.0000002027061932,6.0000002027061932,,,1.0000000337843655,1.0000000337843655,0,0,0,0,optimal,optimal,124.11934420000034,124.68899400000373,ok,,248.84318699999858
